sample_id,bile_acids,scfa,tryptophan_metabolism
N0001,0.573,0.479,0.463
N0002,0.513,0.45,0.49
N0003,0.849,0.396,0.768
N0004,0.471,0.571,0.566
N0005,0.29,0.425,0.615
N0006,0.626,0.311,0.711
N0007,0.289,0.962,0.644
N0008,0.295,0.758,0.596
N0009,0.578,0.659,0.222
N0010,0.722,0.31,0.716
N0011,0.492,0.539,0.771
N0012,0.607,0.636,0.482
N0013,0.706,0.486,0.256
N0014,0.469,0.586,0.412
N0015,0.092,0.435,0.54
N0016,0.617,0.621,0.618
N0017,0.494,0.917,0.219
N0018,0.623,0.265,0.558
N0019,0.353,0.657,0.401
N0020,0.529,0.563,0.614
N0021,0.587,0.98,0.486
N0022,0.485,0.492,0.787
N0023,0.662,0.51,0.577
N0024,0.186,0.604,0.631
N0025,0.792,0.556,0.693
N0026,0.61,0.62,0.685
N0027,0.079,0.98,0.165
N0028,0.76,0.474,0.35
N0029,0.417,0.466,0.386
N0030,0.163,0.98,0.385
N0031,0.558,0.534,0.548
N0032,0.542,0.446,0.584
N0033,0.786,0.61,0.501
N0034,0.463,0.674,0.256
N0035,0.454,0.681,0.326
N0036,0.201,0.715,0.266
N0037,0.392,0.584,0.335
N0038,0.418,0.98,0.242
N0039,0.82,0.387,0.772
N0040,0.702,0.307,0.623
N0041,0.401,0.929,0.35
N0042,0.37,0.812,0.504
N0043,0.535,0.345,0.442
N0044,0.521,0.255,0.712
N0045,0.168,0.97,0.604
N0046,0.615,0.406,0.48
N0047,0.751,0.594,0.836
N0048,0.584,0.768,0.652
N0049,0.541,0.7,0.526
N0050,0.898,0.951,0.163
N0051,0.876,0.369,0.71
N0052,0.74,0.638,0.552
N0053,0.682,0.542,0.766
N0054,0.458,0.682,0.347
N0055,0.724,0.408,0.687
N0056,0.53,0.694,0.737
N0057,0.374,0.782,0.268
N0058,0.767,0.437,0.624
N0059,0.637,0.273,0.617
N0060,0.668,0.559,0.612
N0061,0.564,0.436,0.687
N0062,0.69,0.587,0.626
N0063,0.559,0.585,0.553
N0064,0.621,0.396,0.72
N0065,0.814,0.235,0.696
N0066,0.597,0.215,0.484
N0067,0.443,0.503,0.487
N0068,0.269,0.621,0.394
N0069,0.554,0.632,0.263
N0070,0.723,0.519,0.763
N0071,0.544,0.674,0.323
N0072,0.454,0.71,0.478
N0073,0.514,0.33,0.577
N0074,0.668,0.529,0.439
N0075,0.198,0.604,0.395
N0076,0.539,0.834,0.351
N0077,0.65,0.376,0.594
N0078,0.42,0.794,0.345
N0079,0.8,0.37,0.749
N0080,0.47,0.397,0.459
N0081,0.98,0.309,0.615
N0082,0.487,0.458,0.598
N0083,0.376,0.501,0.509
N0084,0.843,0.429,0.595
N0085,0.524,0.416,0.46
N0086,0.717,0.753,0.532
N0087,0.279,0.786,0.614
N0088,0.885,0.248,0.34
N0089,0.746,0.623,0.774
N0090,0.55,0.505,0.573
N0091,0.405,0.626,0.257
N0092,0.73,0.974,0.594
N0093,0.735,0.305,0.774
N0094,0.56,0.39,0.568
N0095,0.763,0.573,0.65
N0096,0.378,0.815,0.552
N0097,0.365,0.706,0.288
N0098,0.486,0.549,0.437
N0099,0.474,0.732,0.611
N0100,0.616,0.463,0.639
N0101,0.333,0.576,0.584
N0102,0.375,0.687,0.497
N0103,0.196,0.98,0.282
N0104,0.925,0.664,0.759
N0105,0.358,0.787,0.233
N0106,0.333,0.902,0.212
N0107,0.645,0.57,0.378
N0108,0.379,0.633,0.351
N0109,0.532,0.354,0.875
N0110,0.512,0.586,0.742
N0111,0.628,0.02,0.461
N0112,0.451,0.847,0.337
N0113,0.711,0.579,0.539
N0114,0.908,0.225,0.595
N0115,0.477,0.776,0.447
N0116,0.628,0.518,0.618
N0117,0.302,0.85,0.297
N0118,0.778,0.578,0.174
N0119,0.503,0.897,0.587
N0120,0.585,0.371,0.663
N0121,0.407,0.306,0.404
N0122,0.344,0.42,0.266
N0123,0.02,0.384,0.199
N0124,0.687,0.695,0.436
N0125,0.563,0.745,0.457
N0126,0.714,0.581,0.723
N0127,0.571,0.395,0.559
N0128,0.748,0.461,0.666
N0129,0.618,0.236,0.882
N0130,0.13,0.872,0.127
N0131,0.637,0.624,0.613
N0132,0.525,0.517,0.648
N0133,0.647,0.727,0.383
N0134,0.59,0.566,0.742
N0135,0.751,0.462,0.665
N0136,0.59,0.722,0.4
N0137,0.723,0.595,0.44
N0138,0.663,0.815,0.228
N0139,0.298,0.287,0.495
N0140,0.537,0.828,0.181
N0141,0.717,0.628,0.481
N0142,0.696,0.703,0.525
N0143,0.759,0.452,0.709
N0144,0.235,0.713,0.606
N0145,0.251,0.642,0.335
N0146,0.281,0.603,0.522
N0147,0.98,0.323,0.765
N0148,0.232,0.602,0.493
N0149,0.845,0.195,0.74
N0150,0.659,0.804,0.02
N0151,0.544,0.774,0.632
N0152,0.714,0.444,0.585
N0153,0.413,0.835,0.155
N0154,0.624,0.387,0.43
N0155,0.602,0.844,0.267
N0156,0.371,0.728,0.326
N0157,0.446,0.499,0.544
N0158,0.799,0.47,0.471
N0159,0.652,0.479,0.203
N0160,0.668,0.403,0.523
N0161,0.222,0.509,0.475
N0162,0.605,0.734,0.314
N0163,0.02,0.927,0.238
N0164,0.533,0.386,0.522
N0165,0.98,0.204,0.776
N0166,0.288,0.553,0.325
N0167,0.587,0.508,0.452
N0168,0.403,0.514,0.486
N0169,0.98,0.794,0.608
N0170,0.146,0.98,0.222
N0171,0.98,0.696,0.575
N0172,0.98,0.02,0.904
N0173,0.336,0.64,0.683
N0174,0.394,0.625,0.668
N0175,0.204,0.616,0.166
N0176,0.664,0.734,0.57
N0177,0.544,0.528,0.581
N0178,0.459,0.776,0.504
N0179,0.359,0.72,0.286
N0180,0.49,0.723,0.432
N0181,0.082,0.678,0.233
N0182,0.279,0.828,0.197
N0183,0.585,0.244,0.793
N0184,0.205,0.98,0.277
N0185,0.387,0.781,0.554
N0186,0.358,0.506,0.252
N0187,0.558,0.456,0.458
N0188,0.687,0.396,0.537
N0189,0.304,0.93,0.261
N0190,0.462,0.315,0.61
N0191,0.603,0.386,0.74
N0192,0.801,0.44,0.723
N0193,0.568,0.741,0.572
N0194,0.496,0.459,0.903
N0195,0.338,0.453,0.509
N0196,0.208,0.708,0.357
N0197,0.638,0.677,0.163
N0198,0.576,0.524,0.611
N0199,0.21,0.675,0.38
N0200,0.632,0.35,0.689
N0201,0.976,0.619,0.628
N0202,0.958,0.097,0.723
N0203,0.83,0.579,0.847
N0204,0.909,0.327,0.632
N0205,0.525,0.738,0.339
N0206,0.272,0.561,0.449
N0207,0.346,0.488,0.598
N0208,0.244,0.51,0.866
N0209,0.438,0.832,0.417
N0210,0.534,0.699,0.371
N0211,0.321,0.98,0.237
N0212,0.337,0.448,0.58
N0213,0.741,0.532,0.732
N0214,0.486,0.729,0.408
N0215,0.336,0.464,0.634
N0216,0.715,0.239,0.564
N0217,0.594,0.614,0.343
N0218,0.532,0.382,0.349
N0219,0.473,0.645,0.639
N0220,0.625,0.732,0.494
N0221,0.331,0.428,0.38
N0222,0.288,0.475,0.675
N0223,0.521,0.315,0.739
N0224,0.603,0.534,0.487
N0225,0.324,0.257,0.441
N0226,0.507,0.496,0.579
N0227,0.92,0.413,0.731
N0228,0.263,0.689,0.089
N0229,0.608,0.383,0.57
N0230,0.755,0.626,0.699
N0231,0.609,0.533,0.629
N0232,0.273,0.315,0.339
N0233,0.844,0.403,0.803
N0234,0.31,0.722,0.464
N0235,0.257,0.547,0.02
N0236,0.434,0.519,0.697
N0237,0.509,0.263,0.788
N0238,0.491,0.654,0.374
N0239,0.485,0.357,0.59
N0240,0.875,0.348,0.691
N0241,0.055,0.662,0.02
N0242,0.269,0.79,0.387
N0243,0.925,0.466,0.565
N0244,0.02,0.898,0.179
N0245,0.364,0.419,0.368
N0246,0.35,0.401,0.531
N0247,0.517,0.458,0.476
N0248,0.684,0.364,0.733
N0249,0.459,0.98,0.462
N0250,0.676,0.881,0.581
N0251,0.515,0.548,0.67
N0252,0.372,0.56,0.638
N0253,0.793,0.397,0.306
N0254,0.331,0.71,0.531
N0255,0.691,0.28,0.923
N0256,0.231,0.807,0.456
N0257,0.397,0.851,0.373
N0258,0.442,0.526,0.4
N0259,0.762,0.545,0.28
N0260,0.064,0.504,0.333
N0261,0.095,0.559,0.304
N0262,0.255,0.27,0.245
N0263,0.434,0.798,0.535
N0264,0.62,0.472,0.437
N0265,0.808,0.628,0.794
N0266,0.98,0.08,0.96
N0267,0.542,0.389,0.66
N0268,0.815,0.293,0.64
N0269,0.443,0.699,0.431
N0270,0.667,0.324,0.701
N0271,0.563,0.618,0.301
N0272,0.474,0.562,0.479
N0273,0.484,0.738,0.328
N0274,0.171,0.956,0.614
N0275,0.41,0.723,0.718
N0276,0.608,0.424,0.659
N0277,0.673,0.317,0.632
N0278,0.458,0.485,0.441
N0279,0.794,0.332,0.385
N0280,0.596,0.627,0.403
N0281,0.6,0.555,0.447
N0282,0.424,0.546,0.647
N0283,0.492,0.567,0.422
N0284,0.644,0.437,0.547
N0285,0.864,0.219,0.714
N0286,0.511,0.5,0.246
N0287,0.619,0.461,0.621
N0288,0.713,0.411,0.716
N0289,0.458,0.801,0.304
N0290,0.341,0.469,0.651
N0291,0.781,0.501,0.503
N0292,0.454,0.523,0.123
N0293,0.929,0.303,0.721
N0294,0.848,0.414,0.689
N0295,0.894,0.198,0.845
N0296,0.604,0.429,0.594
N0297,0.886,0.134,0.48
N0298,0.596,0.505,0.474
N0299,0.658,0.543,0.527
N0300,0.421,0.525,0.413
N0301,0.497,0.686,0.377
N0302,0.392,0.942,0.114
N0303,0.761,0.431,0.839
N0304,0.427,0.615,0.766
N0305,0.656,0.159,0.962
N0306,0.715,0.115,0.666
N0307,0.81,0.512,0.53
N0308,0.266,0.601,0.398
N0309,0.288,0.664,0.473
N0310,0.98,0.405,0.98
N0311,0.718,0.7,0.34
N0312,0.827,0.678,0.587
N0313,0.577,0.335,0.662
N0314,0.623,0.857,0.359
N0315,0.51,0.653,0.757
N0316,0.854,0.518,0.571
N0317,0.535,0.663,0.354
N0318,0.501,0.686,0.513
N0319,0.509,0.498,0.319
N0320,0.382,0.534,0.487
N0321,0.421,0.634,0.244
N0322,0.702,0.329,0.715
N0323,0.382,0.551,0.495
N0324,0.37,0.32,0.525
N0325,0.02,0.98,0.02
N0326,0.708,0.655,0.554
N0327,0.693,0.62,0.616
N0328,0.929,0.591,0.439
N0329,0.351,0.85,0.216
N0330,0.815,0.815,0.675
N0331,0.208,0.501,0.46
N0332,0.566,0.685,0.672
N0333,0.523,0.359,0.652
N0334,0.069,0.937,0.339
N0335,0.364,0.958,0.535
N0336,0.13,0.763,0.399
N0337,0.279,0.747,0.02
N0338,0.716,0.464,0.754
N0339,0.515,0.451,0.294
N0340,0.642,0.39,0.552
N0341,0.634,0.551,0.608
N0342,0.603,0.621,0.532
N0343,0.356,0.471,0.524
N0344,0.228,0.666,0.807
N0345,0.538,0.407,0.587
N0346,0.828,0.733,0.579
N0347,0.297,0.714,0.267
N0348,0.795,0.508,0.466
N0349,0.754,0.49,0.825
N0350,0.657,0.336,0.478
N0351,0.751,0.641,0.537
N0352,0.635,0.743,0.449
N0353,0.74,0.758,0.339
N0354,0.338,0.766,0.361
N0355,0.276,0.834,0.02
N0356,0.381,0.618,0.254
N0357,0.528,0.72,0.37
N0358,0.341,0.693,0.758
N0359,0.684,0.356,0.601
N0360,0.764,0.647,0.474
N0361,0.618,0.369,0.534
N0362,0.574,0.38,0.578
N0363,0.582,0.537,0.347
N0364,0.244,0.826,0.295
N0365,0.493,0.727,0.286
N0366,0.901,0.459,0.497
N0367,0.41,0.878,0.254
N0368,0.38,0.452,0.574
N0369,0.408,0.772,0.327
N0370,0.786,0.543,0.441
N0371,0.462,0.764,0.218
N0372,0.421,0.64,0.53
N0373,0.29,0.98,0.269
N0374,0.687,0.398,0.467
N0375,0.637,0.53,0.619
N0376,0.952,0.319,0.471
N0377,0.769,0.25,0.767
N0378,0.685,0.659,0.643
N0379,0.56,0.358,0.857
N0380,0.254,0.936,0.117
N0381,0.514,0.459,0.474
N0382,0.763,0.62,0.624
N0383,0.774,0.465,0.562
N0384,0.601,0.772,0.302
N0385,0.422,0.469,0.606
N0386,0.446,0.784,0.35
N0387,0.585,0.074,0.929
N0388,0.172,0.727,0.45
N0389,0.806,0.705,0.348
N0390,0.306,0.649,0.455
N0391,0.746,0.511,0.604
N0392,0.945,0.183,0.782
N0393,0.451,0.605,0.298
N0394,0.541,0.551,0.614
N0395,0.249,0.98,0.22
N0396,0.818,0.676,0.527
N0397,0.462,0.809,0.53
N0398,0.947,0.334,0.562
N0399,0.642,0.623,0.391
N0400,0.632,0.557,0.515
N0401,0.726,0.638,0.465
N0402,0.322,0.778,0.57
N0403,0.899,0.472,0.504
N0404,0.281,0.539,0.481
N0405,0.608,0.331,0.661
N0406,0.492,0.7,0.396
N0407,0.673,0.633,0.523
N0408,0.522,0.275,0.587
N0409,0.598,0.472,0.484
N0410,0.692,0.359,0.498
N0411,0.413,0.676,0.488
N0412,0.486,0.35,0.491
N0413,0.418,0.415,0.552
N0414,0.617,0.53,0.582
N0415,0.547,0.702,0.4
N0416,0.815,0.419,0.734
N0417,0.407,0.635,0.162
N0418,0.119,0.764,0.32
N0419,0.672,0.64,0.637
N0420,0.596,0.305,0.577
N0421,0.256,0.761,0.497
N0422,0.449,0.698,0.343
N0423,0.54,0.458,0.405
N0424,0.659,0.437,0.726
N0425,0.27,0.601,0.464
N0426,0.02,0.89,0.682
N0427,0.7,0.829,0.265
N0428,0.808,0.544,0.711
N0429,0.347,0.793,0.265
N0430,0.846,0.374,0.656
N0431,0.795,0.69,0.508
N0432,0.11,0.853,0.128
N0433,0.64,0.554,0.744
N0434,0.587,0.537,0.928
N0435,0.207,0.582,0.419
N0436,0.246,0.98,0.396
N0437,0.431,0.33,0.582
N0438,0.663,0.426,0.424
N0439,0.567,0.439,0.657
N0440,0.226,0.753,0.254
N0441,0.181,0.918,0.445
N0442,0.307,0.798,0.257
N0443,0.781,0.759,0.868
N0444,0.382,0.576,0.251
N0445,0.443,0.815,0.361
N0446,0.711,0.641,0.649
N0447,0.606,0.582,0.519
N0448,0.541,0.665,0.43
N0449,0.511,0.367,0.783
N0450,0.435,0.644,0.358
N0451,0.323,0.478,0.17
N0452,0.533,0.865,0.555
N0453,0.294,0.808,0.324
N0454,0.433,0.328,0.64
N0455,0.426,0.691,0.386
N0456,0.395,0.682,0.267
N0457,0.36,0.839,0.475
N0458,0.513,0.405,0.362
N0459,0.109,0.46,0.55
N0460,0.98,0.081,0.858
N0461,0.462,0.856,0.173
N0462,0.816,0.614,0.259
N0463,0.189,0.91,0.389
N0464,0.258,0.575,0.363
N0465,0.104,0.73,0.631
N0466,0.544,0.705,0.407
N0467,0.952,0.279,0.639
N0468,0.347,0.39,0.787
N0469,0.494,0.57,0.573
N0470,0.545,0.655,0.568
N0471,0.618,0.53,0.552
N0472,0.608,0.385,0.489
N0473,0.717,0.523,0.537
N0474,0.126,0.642,0.381
N0475,0.412,0.498,0.324
N0476,0.501,0.44,0.484
N0477,0.748,0.262,0.98
N0478,0.688,0.466,0.164
N0479,0.268,0.738,0.315
N0480,0.227,0.753,0.358
N0481,0.027,0.578,0.339
N0482,0.674,0.287,0.466
N0483,0.33,0.978,0.434
N0484,0.811,0.348,0.625
N0485,0.573,0.898,0.414
N0486,0.522,0.43,0.234
N0487,0.513,0.638,0.478
N0488,0.562,0.585,0.333
N0489,0.607,0.609,0.614
N0490,0.613,0.613,0.486
N0491,0.442,0.362,0.551
N0492,0.71,0.296,0.545
N0493,0.216,0.551,0.63
N0494,0.5,0.363,0.431
N0495,0.978,0.34,0.818
N0496,0.2,0.719,0.455
N0497,0.44,0.543,0.681
N0498,0.69,0.784,0.415
N0499,0.645,0.286,0.629
N0500,0.581,0.535,0.508
N0501,0.495,0.98,0.177
N0502,0.74,0.462,0.571
N0503,0.349,0.568,0.301
N0504,0.753,0.02,0.959
N0505,0.399,0.781,0.289
N0506,0.423,0.466,0.647
N0507,0.02,0.704,0.242
N0508,0.706,0.558,0.536
N0509,0.528,0.719,0.641
N0510,0.712,0.661,0.512
N0511,0.443,0.752,0.508
N0512,0.337,0.542,0.27
N0513,0.38,0.718,0.298
N0514,0.397,0.398,0.36
N0515,0.338,0.79,0.407
N0516,0.524,0.792,0.586
N0517,0.831,0.384,0.869
N0518,0.533,0.09,0.463
N0519,0.747,0.443,0.644
N0520,0.587,0.522,0.393
N0521,0.294,0.726,0.476
N0522,0.567,0.506,0.246
N0523,0.772,0.551,0.526
N0524,0.635,0.766,0.534
N0525,0.694,0.834,0.353
N0526,0.225,0.646,0.293
N0527,0.759,0.558,0.534
N0528,0.722,0.656,0.741
N0529,0.836,0.416,0.579
N0530,0.595,0.383,0.449
N0531,0.853,0.331,0.505
N0532,0.81,0.234,0.586
N0533,0.814,0.047,0.98
N0534,0.319,0.817,0.292
N0535,0.51,0.727,0.523
N0536,0.705,0.579,0.55
N0537,0.604,0.651,0.367
N0538,0.632,0.363,0.407
N0539,0.62,0.247,0.846
N0540,0.592,0.429,0.56
N0541,0.695,0.438,0.564
N0542,0.306,0.797,0.087
N0543,0.559,0.423,0.381
N0544,0.774,0.52,0.629
N0545,0.879,0.306,0.537
N0546,0.279,0.974,0.123
N0547,0.968,0.259,0.533
N0548,0.8,0.105,0.695
N0549,0.819,0.3,0.463
N0550,0.311,0.409,0.252
N0551,0.319,0.419,0.592
N0552,0.98,0.525,0.533
N0553,0.379,0.896,0.425
N0554,0.238,0.487,0.365
N0555,0.662,0.618,0.784
N0556,0.744,0.393,0.862
N0557,0.224,0.69,0.292
N0558,0.533,0.382,0.583
N0559,0.294,0.892,0.406
N0560,0.771,0.537,0.98
N0561,0.608,0.599,0.514
N0562,0.395,0.69,0.488
N0563,0.712,0.472,0.489
N0564,0.726,0.503,0.48
N0565,0.65,0.225,0.98
N0566,0.969,0.269,0.98
N0567,0.02,0.948,0.153
N0568,0.394,0.671,0.456
N0569,0.544,0.448,0.464
N0570,0.739,0.685,0.421
N0571,0.945,0.339,0.718
N0572,0.259,0.693,0.591
N0573,0.506,0.407,0.525
N0574,0.98,0.364,0.98
N0575,0.614,0.368,0.646
N0576,0.656,0.477,0.583
N0577,0.564,0.484,0.574
N0578,0.899,0.828,0.672
N0579,0.28,0.499,0.45
N0580,0.98,0.108,0.704
N0581,0.679,0.579,0.559
N0582,0.609,0.532,0.446
N0583,0.321,0.583,0.259
N0584,0.644,0.434,0.408
N0585,0.574,0.56,0.558
N0586,0.783,0.597,0.436
N0587,0.602,0.744,0.463
N0588,0.761,0.457,0.939
N0589,0.562,0.513,0.313
N0590,0.574,0.33,0.621
N0591,0.107,0.706,0.387
N0592,0.508,0.302,0.805
N0593,0.652,0.339,0.669
N0594,0.773,0.757,0.471
N0595,0.593,0.225,0.98
N0596,0.365,0.948,0.143
N0597,0.286,0.873,0.309
N0598,0.88,0.378,0.77
N0599,0.945,0.29,0.77
N0600,0.415,0.756,0.414
N0601,0.41,0.802,0.161
N0602,0.867,0.584,0.706
N0603,0.648,0.497,0.468
N0604,0.941,0.507,0.719
N0605,0.544,0.661,0.449
N0606,0.498,0.43,0.509
N0607,0.066,0.722,0.543
N0608,0.214,0.687,0.707
N0609,0.531,0.439,0.619
N0610,0.749,0.865,0.434
N0611,0.279,0.532,0.42
N0612,0.753,0.393,0.675
N0613,0.103,0.596,0.399
N0614,0.415,0.379,0.31
N0615,0.836,0.362,0.424
N0616,0.583,0.264,0.971
N0617,0.666,0.476,0.387
N0618,0.351,0.691,0.414
N0619,0.472,0.98,0.634
N0620,0.247,0.729,0.18
N0621,0.511,0.389,0.778
N0622,0.343,0.716,0.353
N0623,0.218,0.553,0.465
N0624,0.794,0.148,0.719
N0625,0.757,0.318,0.532
N0626,0.282,0.724,0.567
N0627,0.569,0.445,0.419
N0628,0.872,0.712,0.697
N0629,0.624,0.203,0.892
N0630,0.656,0.818,0.404
N0631,0.824,0.381,0.814
N0632,0.483,0.331,0.375
N0633,0.36,0.709,0.606
N0634,0.98,0.649,0.361
N0635,0.533,0.526,0.549
N0636,0.464,0.795,0.484
N0637,0.578,0.375,0.547
N0638,0.86,0.455,0.427
N0639,0.02,0.224,0.391
N0640,0.52,0.706,0.461
N0641,0.729,0.483,0.534
N0642,0.02,0.859,0.113
N0643,0.186,0.604,0.365
N0644,0.712,0.575,0.363
N0645,0.944,0.19,0.821
N0646,0.823,0.418,0.611
N0647,0.636,0.451,0.485
N0648,0.98,0.402,0.608
N0649,0.5,0.956,0.621
N0650,0.573,0.503,0.434
N0651,0.02,0.967,0.228
N0652,0.353,0.661,0.508
N0653,0.779,0.02,0.98
N0654,0.466,0.567,0.201
N0655,0.292,0.576,0.748
N0656,0.339,0.797,0.328
N0657,0.467,0.98,0.174
N0658,0.643,0.675,0.549
N0659,0.809,0.313,0.668
N0660,0.554,0.3,0.303
N0661,0.282,0.684,0.133
N0662,0.676,0.487,0.481
N0663,0.974,0.275,0.698
N0664,0.498,0.293,0.474
N0665,0.296,0.533,0.27
N0666,0.363,0.634,0.282
N0667,0.66,0.677,0.318
N0668,0.428,0.751,0.487
N0669,0.674,0.573,0.489
N0670,0.841,0.395,0.622
N0671,0.391,0.878,0.264
N0672,0.54,0.779,0.332
N0673,0.178,0.632,0.451
N0674,0.713,0.493,0.7
N0675,0.604,0.362,0.481
N0676,0.1,0.735,0.535
N0677,0.898,0.291,0.812
N0678,0.641,0.295,0.736
N0679,0.449,0.745,0.252
N0680,0.742,0.733,0.857
N0681,0.084,0.81,0.271
N0682,0.304,0.823,0.272
N0683,0.335,0.832,0.446
N0684,0.868,0.1,0.787
N0685,0.621,0.416,0.727
N0686,0.344,0.98,0.406
N0687,0.655,0.525,0.635
N0688,0.353,0.98,0.4
N0689,0.292,0.35,0.442
N0690,0.98,0.579,0.436
N0691,0.35,0.98,0.385
N0692,0.319,0.622,0.527
N0693,0.48,0.44,0.643
N0694,0.358,0.434,0.588
N0695,0.149,0.528,0.526
N0696,0.628,0.598,0.783
N0697,0.947,0.292,0.852
N0698,0.31,0.849,0.49
N0699,0.061,0.762,0.313
N0700,0.611,0.309,0.698
N0701,0.152,0.98,0.485
N0702,0.592,0.554,0.67
N0703,0.118,0.82,0.225
N0704,0.264,0.768,0.593
N0705,0.557,0.697,0.537
N0706,0.541,0.695,0.524
N0707,0.765,0.531,0.98
N0708,0.402,0.601,0.515
N0709,0.536,0.75,0.36
N0710,0.172,0.756,0.541
N0711,0.746,0.539,0.385
N0712,0.715,0.618,0.655
N0713,0.647,0.485,0.492
N0714,0.328,0.51,0.385
N0715,0.524,0.637,0.622
N0716,0.856,0.463,0.493
N0717,0.173,0.438,0.403
N0718,0.681,0.622,0.98
N0719,0.516,0.348,0.598
N0720,0.682,0.615,0.521
N0721,0.355,0.634,0.462
N0722,0.802,0.246,0.628
N0723,0.87,0.453,0.608
N0724,0.577,0.482,0.678
N0725,0.917,0.393,0.619
N0726,0.452,0.862,0.387
N0727,0.386,0.83,0.767
N0728,0.02,0.649,0.02
N0729,0.321,0.456,0.469
N0730,0.677,0.476,0.707
N0731,0.315,0.652,0.553
N0732,0.719,0.294,0.608
N0733,0.854,0.84,0.349
N0734,0.675,0.485,0.484
N0735,0.539,0.201,0.899
N0736,0.482,0.272,0.653
N0737,0.467,0.6,0.379
N0738,0.196,0.766,0.439
N0739,0.593,0.423,0.379
N0740,0.297,0.784,0.125
N0741,0.528,0.88,0.599
N0742,0.407,0.763,0.295
N0743,0.32,0.85,0.434
N0744,0.567,0.584,0.749
N0745,0.726,0.77,0.506
N0746,0.369,0.613,0.583
N0747,0.848,0.33,0.761
N0748,0.454,0.781,0.454
N0749,0.38,0.361,0.667
N0750,0.471,0.791,0.356
N0751,0.304,0.871,0.427
N0752,0.646,0.249,0.552
N0753,0.42,0.365,0.361
N0754,0.98,0.24,0.98
N0755,0.2,0.774,0.367
N0756,0.28,0.83,0.468
N0757,0.713,0.403,0.243
N0758,0.731,0.383,0.576
N0759,0.551,0.431,0.529
N0760,0.62,0.788,0.469
N0761,0.895,0.509,0.484
N0762,0.597,0.444,0.617
N0763,0.868,0.02,0.788
N0764,0.491,0.79,0.612
N0765,0.691,0.499,0.588
N0766,0.338,0.538,0.301
N0767,0.649,0.625,0.39
N0768,0.567,0.663,0.577
N0769,0.02,0.979,0.02
N0770,0.304,0.906,0.352
N0771,0.886,0.24,0.794
N0772,0.915,0.115,0.903
N0773,0.549,0.599,0.411
N0774,0.304,0.233,0.366
N0775,0.516,0.467,0.506
N0776,0.502,0.624,0.646
N0777,0.559,0.459,0.666
N0778,0.948,0.357,0.666
N0779,0.399,0.622,0.195
N0780,0.928,0.447,0.494
N0781,0.493,0.522,0.604
N0782,0.231,0.706,0.466
N0783,0.02,0.682,0.364
N0784,0.608,0.935,0.169
N0785,0.16,0.639,0.298
N0786,0.39,0.741,0.446
N0787,0.497,0.393,0.286
N0788,0.266,0.98,0.487
N0789,0.748,0.412,0.427
N0790,0.313,0.596,0.414
N0791,0.698,0.316,0.598
N0792,0.459,0.726,0.39
N0793,0.893,0.33,0.475
N0794,0.635,0.366,0.81
N0795,0.437,0.742,0.408
N0796,0.483,0.59,0.226
N0797,0.492,0.782,0.267
N0798,0.562,0.284,0.596
N0799,0.341,0.751,0.562
N0800,0.02,0.796,0.182
N0801,0.346,0.695,0.511
N0802,0.789,0.21,0.69
N0803,0.98,0.423,0.728
N0804,0.848,0.188,0.729
N0805,0.517,0.443,0.378
N0806,0.882,0.533,0.37
N0807,0.081,0.439,0.437
N0808,0.447,0.57,0.758
N0809,0.542,0.946,0.436
N0810,0.611,0.53,0.51
N0811,0.755,0.671,0.439
N0812,0.477,0.757,0.365
N0813,0.733,0.497,0.789
N0814,0.323,0.745,0.542
N0815,0.278,0.657,0.268
N0816,0.854,0.316,0.355
N0817,0.69,0.555,0.564
N0818,0.98,0.304,0.604
N0819,0.908,0.053,0.325
N0820,0.964,0.354,0.59
N0821,0.444,0.606,0.419
N0822,0.254,0.98,0.279
N0823,0.98,0.462,0.585
N0824,0.535,0.709,0.436
N0825,0.363,0.506,0.632
N0826,0.535,0.902,0.372
N0827,0.25,0.504,0.605
N0828,0.739,0.542,0.342
N0829,0.701,0.622,0.61
N0830,0.98,0.547,0.893
N0831,0.725,0.332,0.899
N0832,0.351,0.401,0.591
N0833,0.608,0.758,0.373
N0834,0.461,0.495,0.404
N0835,0.41,0.8,0.517
N0836,0.523,0.529,0.731
N0837,0.445,0.517,0.45
N0838,0.675,0.288,0.509
N0839,0.204,0.902,0.086
N0840,0.255,0.551,0.215
N0841,0.98,0.327,0.31
N0842,0.527,0.622,0.525
N0843,0.208,0.502,0.565
N0844,0.351,0.736,0.587
N0845,0.429,0.655,0.44
N0846,0.525,0.448,0.627
N0847,0.292,0.542,0.237
N0848,0.758,0.205,0.346
N0849,0.263,0.677,0.365
N0850,0.587,0.68,0.472
N0851,0.497,0.674,0.32
N0852,0.274,0.706,0.199
N0853,0.515,0.803,0.292
N0854,0.591,0.536,0.657
N0855,0.45,0.604,0.047
N0856,0.474,0.57,0.522
N0857,0.478,0.7,0.431
N0858,0.572,0.57,0.573
N0859,0.542,0.713,0.47
N0860,0.592,0.56,0.516
N0861,0.173,0.928,0.186
N0862,0.461,0.436,0.597
N0863,0.98,0.533,0.98
N0864,0.656,0.196,0.533
N0865,0.562,0.305,0.532
N0866,0.712,0.199,0.811
N0867,0.268,0.473,0.366
N0868,0.964,0.379,0.471
N0869,0.687,0.677,0.697
N0870,0.59,0.374,0.905
N0871,0.447,0.547,0.426
N0872,0.788,0.236,0.583
N0873,0.848,0.361,0.46
N0874,0.651,0.491,0.497
N0875,0.226,0.654,0.071
N0876,0.777,0.309,0.942
N0877,0.863,0.167,0.426
N0878,0.588,0.487,0.594
N0879,0.615,0.505,0.455
N0880,0.588,0.563,0.559
N0881,0.816,0.584,0.776
N0882,0.446,0.62,0.351
N0883,0.722,0.71,0.599
N0884,0.749,0.68,0.582
N0885,0.78,0.564,0.93
N0886,0.714,0.462,0.447
N0887,0.738,0.463,0.616
N0888,0.45,0.437,0.63
N0889,0.657,0.587,0.427
N0890,0.435,0.797,0.461
N0891,0.168,0.919,0.478
N0892,0.754,0.644,0.533
N0893,0.575,0.517,0.75
N0894,0.251,0.743,0.362
N0895,0.683,0.359,0.65
N0896,0.702,0.729,0.439
N0897,0.39,0.711,0.424
N0898,0.49,0.156,0.805
N0899,0.645,0.705,0.409
N0900,0.582,0.49,0.512
N0901,0.288,0.885,0.52
N0902,0.02,0.826,0.238
N0903,0.299,0.703,0.475
N0904,0.629,0.933,0.742
N0905,0.681,0.776,0.731
N0906,0.665,0.502,0.567
N0907,0.142,0.788,0.11
N0908,0.673,0.321,0.55
N0909,0.02,0.912,0.216
N0910,0.873,0.584,0.74
N0911,0.274,0.848,0.201
N0912,0.651,0.457,0.466
N0913,0.402,0.695,0.58
N0914,0.54,0.409,0.863
N0915,0.632,0.48,0.308
N0916,0.356,0.573,0.368
N0917,0.411,0.695,0.313
N0918,0.503,0.447,0.681
N0919,0.43,0.652,0.514
N0920,0.417,0.638,0.57
N0921,0.584,0.657,0.187
N0922,0.529,0.711,0.486
N0923,0.351,0.328,0.424
N0924,0.817,0.498,0.615
N0925,0.593,0.818,0.472
N0926,0.67,0.529,0.68
N0927,0.323,0.917,0.117
N0928,0.458,0.552,0.618
N0929,0.465,0.297,0.418
N0930,0.481,0.758,0.588
N0931,0.678,0.254,0.706
N0932,0.531,0.45,0.597
N0933,0.141,0.936,0.214
N0934,0.439,0.691,0.358
N0935,0.339,0.678,0.676
N0936,0.189,0.35,0.601
N0937,0.864,0.248,0.823
N0938,0.4,0.77,0.451
N0939,0.436,0.438,0.297
N0940,0.53,0.191,0.556
N0941,0.72,0.624,0.538
N0942,0.538,0.539,0.49
N0943,0.385,0.67,0.349
N0944,0.391,0.888,0.424
N0945,0.98,0.469,0.841
N0946,0.709,0.432,0.471
N0947,0.38,0.572,0.304
N0948,0.761,0.538,0.887
N0949,0.65,0.621,0.556
N0950,0.868,0.638,0.483
N0951,0.623,0.457,0.667
N0952,0.568,0.5,0.494
N0953,0.504,0.232,0.712
N0954,0.884,0.395,0.829
N0955,0.127,0.857,0.162
N0956,0.701,0.67,0.824
N0957,0.571,0.249,0.39
N0958,0.607,0.589,0.652
N0959,0.289,0.98,0.206
N0960,0.692,0.556,0.464
N0961,0.306,0.613,0.46
N0962,0.165,0.738,0.268
N0963,0.51,0.857,0.17
N0964,0.577,0.844,0.218
N0965,0.121,0.783,0.19
N0966,0.306,0.703,0.592
N0967,0.98,0.286,0.699
N0968,0.618,0.579,0.577
N0969,0.724,0.603,0.641
N0970,0.762,0.671,0.878
N0971,0.98,0.295,0.452
N0972,0.656,0.531,0.548
N0973,0.98,0.414,0.577
N0974,0.378,0.434,0.366
N0975,0.636,0.711,0.474
N0976,0.378,0.706,0.709
N0977,0.263,0.601,0.413
N0978,0.099,0.744,0.443
N0979,0.696,0.458,0.618
N0980,0.68,0.549,0.472
N0981,0.469,0.524,0.586
N0982,0.618,0.335,0.547
N0983,0.472,0.36,0.545
N0984,0.795,0.723,0.468
N0985,0.929,0.637,0.549
N0986,0.623,0.321,0.735
N0987,0.531,0.396,0.49
N0988,0.644,0.546,0.573
N0989,0.903,0.683,0.531
N0990,0.498,0.647,0.471
N0991,0.573,0.433,0.337
N0992,0.365,0.577,0.443
N0993,0.274,0.705,0.644
N0994,0.539,0.458,0.425
N0995,0.329,0.769,0.458
N0996,0.627,0.407,0.133
N0997,0.585,0.47,0.477
N0998,0.666,0.508,0.838
N0999,0.599,0.719,0.509
N1000,0.455,0.837,0.57
N1001,0.728,0.406,0.614
N1002,0.651,0.636,0.442
N1003,0.393,0.639,0.245
N1004,0.752,0.281,0.566
N1005,0.167,0.847,0.266
N1006,0.721,0.712,0.38
N1007,0.709,0.635,0.477
N1008,0.711,0.608,0.396
N1009,0.394,0.362,0.504
N1010,0.562,0.384,0.586
N1011,0.747,0.173,0.627
N1012,0.448,0.383,0.502
N1013,0.605,0.647,0.246
N1014,0.617,0.619,0.426
N1015,0.932,0.366,0.528
N1016,0.604,0.611,0.46
N1017,0.858,0.418,0.564
N1018,0.435,0.571,0.61
N1019,0.37,0.627,0.433
N1020,0.573,0.614,0.461
N1021,0.574,0.52,0.702
N1022,0.877,0.329,0.515
N1023,0.359,0.531,0.632
N1024,0.02,0.723,0.197
N1025,0.638,0.24,0.523
N1026,0.777,0.554,0.734
N1027,0.502,0.441,0.544
N1028,0.78,0.384,0.642
N1029,0.558,0.512,0.343
N1030,0.582,0.378,0.576
N1031,0.465,0.712,0.287
N1032,0.433,0.665,0.239
N1033,0.832,0.81,0.82
N1034,0.771,0.369,0.545
N1035,0.455,0.558,0.264
N1036,0.173,0.732,0.251
N1037,0.398,0.698,0.421
N1038,0.321,0.59,0.438
N1039,0.979,0.28,0.938
N1040,0.582,0.619,0.464
N1041,0.617,0.512,0.578
N1042,0.393,0.961,0.355
N1043,0.95,0.242,0.751
N1044,0.628,0.419,0.541
N1045,0.705,0.747,0.493
N1046,0.311,0.706,0.414
N1047,0.227,0.921,0.318
N1048,0.539,0.707,0.307
N1049,0.633,0.443,0.578
N1050,0.28,0.654,0.524
N1051,0.119,0.829,0.102
N1052,0.913,0.38,0.489
N1053,0.622,0.44,0.855
N1054,0.721,0.436,0.577
N1055,0.417,0.56,0.166
N1056,0.705,0.346,0.765
N1057,0.266,0.862,0.426
N1058,0.651,0.438,0.649
N1059,0.964,0.636,0.884
N1060,0.372,0.583,0.367
N1061,0.579,0.542,0.655
N1062,0.224,0.877,0.273
N1063,0.896,0.319,0.625
N1064,0.573,0.457,0.343
N1065,0.603,0.729,0.555
N1066,0.097,0.595,0.487
N1067,0.536,0.465,0.426
N1068,0.171,0.713,0.619
N1069,0.566,0.602,0.668
N1070,0.544,0.797,0.346
N1071,0.334,0.65,0.464
N1072,0.39,0.609,0.501
N1073,0.279,0.815,0.161
N1074,0.394,0.599,0.561
N1075,0.401,0.647,0.376
N1076,0.761,0.162,0.579
N1077,0.221,0.75,0.313
N1078,0.719,0.55,0.449
N1079,0.078,0.671,0.461
N1080,0.212,0.568,0.286
N1081,0.555,0.384,0.727
N1082,0.502,0.52,0.281
N1083,0.185,0.795,0.302
N1084,0.841,0.602,0.4
N1085,0.911,0.53,0.632
N1086,0.685,0.407,0.547
N1087,0.455,0.592,0.436
N1088,0.653,0.553,0.533
N1089,0.119,0.438,0.463
N1090,0.569,0.753,0.562
N1091,0.301,0.323,0.563
N1092,0.14,0.693,0.306
N1093,0.608,0.588,0.472
N1094,0.753,0.504,0.557
N1095,0.352,0.574,0.176
N1096,0.366,0.649,0.574
N1097,0.361,0.694,0.555
N1098,0.783,0.375,0.797
N1099,0.419,0.434,0.479
N1100,0.628,0.607,0.599
N1101,0.327,0.87,0.51
N1102,0.687,0.441,0.653
N1103,0.647,0.525,0.672
N1104,0.67,0.437,0.705
N1105,0.396,0.504,0.332
N1106,0.485,0.643,0.38
N1107,0.388,0.515,0.302
N1108,0.538,0.651,0.559
N1109,0.98,0.482,0.777
N1110,0.661,0.529,0.54
N1111,0.832,0.386,0.515
N1112,0.631,0.619,0.386
N1113,0.619,0.419,0.619
N1114,0.335,0.96,0.372
N1115,0.703,0.35,0.575
N1116,0.714,0.464,0.488
N1117,0.336,0.645,0.543
N1118,0.627,0.387,0.3
N1119,0.312,0.582,0.261
N1120,0.547,0.98,0.154
N1121,0.815,0.35,0.503
N1122,0.058,0.73,0.226
N1123,0.448,0.431,0.463
N1124,0.695,0.157,0.773
N1125,0.601,0.482,0.643
N1126,0.436,0.602,0.571
N1127,0.45,0.52,0.155
N1128,0.394,0.797,0.343
N1129,0.98,0.502,0.774
N1130,0.785,0.385,0.801
N1131,0.754,0.445,0.702
N1132,0.533,0.902,0.303
N1133,0.404,0.635,0.502
N1134,0.945,0.4,0.666
N1135,0.789,0.368,0.578
N1136,0.772,0.691,0.692
N1137,0.397,0.715,0.576
N1138,0.844,0.36,0.605
N1139,0.532,0.379,0.525
N1140,0.092,0.938,0.16
N1141,0.462,0.544,0.778
N1142,0.556,0.456,0.479
N1143,0.449,0.358,0.327
N1144,0.383,0.669,0.486
N1145,0.39,0.775,0.576
N1146,0.43,0.949,0.059
N1147,0.244,0.654,0.527
N1148,0.576,0.595,0.467
N1149,0.175,0.811,0.58
N1150,0.514,0.539,0.374
N1151,0.48,0.96,0.465
N1152,0.514,0.592,0.622
N1153,0.677,0.464,0.666
N1154,0.455,0.681,0.37
N1155,0.617,0.852,0.465
N1156,0.241,0.902,0.522
N1157,0.634,0.737,0.454
N1158,0.841,0.292,0.954
N1159,0.98,0.58,0.937
N1160,0.406,0.421,0.511
N1161,0.725,0.574,0.79
N1162,0.325,0.839,0.229
N1163,0.422,0.734,0.437
N1164,0.262,0.642,0.328
N1165,0.357,0.585,0.275
N1166,0.8,0.522,0.604
N1167,0.739,0.422,0.639
N1168,0.886,0.413,0.86
N1169,0.456,0.837,0.444
N1170,0.44,0.646,0.758
N1171,0.52,0.592,0.318
N1172,0.705,0.571,0.368
N1173,0.32,0.332,0.613
N1174,0.516,0.543,0.568
N1175,0.713,0.216,0.72
N1176,0.633,0.367,0.645
N1177,0.762,0.456,0.79
N1178,0.525,0.702,0.435
N1179,0.146,0.98,0.349
N1180,0.643,0.439,0.391
N1181,0.401,0.612,0.499
N1182,0.943,0.329,0.357
N1183,0.98,0.465,0.75
N1184,0.347,0.784,0.466
N1185,0.776,0.458,0.485
N1186,0.678,0.701,0.512
N1187,0.265,0.98,0.02
N1188,0.561,0.454,0.494
N1189,0.572,0.832,0.441
N1190,0.713,0.617,0.313
N1191,0.223,0.475,0.613
N1192,0.665,0.59,0.748
N1193,0.595,0.617,0.451
N1194,0.468,0.697,0.57
N1195,0.761,0.517,0.231
N1196,0.606,0.781,0.548
N1197,0.558,0.6,0.339
N1198,0.53,0.51,0.343
N1199,0.876,0.508,0.403
N1200,0.488,0.337,0.59
N1201,0.168,0.798,0.427
N1202,0.522,0.705,0.173
N1203,0.53,0.692,0.387
N1204,0.431,0.753,0.198
N1205,0.734,0.318,0.599
N1206,0.533,0.616,0.367
N1207,0.681,0.901,0.407
N1208,0.755,0.627,0.558
N1209,0.579,0.607,0.473
N1210,0.581,0.576,0.422
N1211,0.482,0.552,0.32
N1212,0.548,0.158,0.556
N1213,0.641,0.551,0.39
N1214,0.464,0.561,0.455
N1215,0.341,0.746,0.369
N1216,0.444,0.598,0.399
N1217,0.349,0.553,0.361
N1218,0.61,0.468,0.607
N1219,0.698,0.69,0.489
N1220,0.751,0.44,0.48
N1221,0.472,0.88,0.256
N1222,0.535,0.544,0.508
N1223,0.388,0.46,0.461
N1224,0.65,0.309,0.638
N1225,0.98,0.299,0.711
N1226,0.814,0.192,0.864
N1227,0.931,0.498,0.435
N1228,0.258,0.608,0.412
N1229,0.349,0.745,0.284
N1230,0.768,0.457,0.57
N1231,0.347,0.918,0.274
N1232,0.416,0.615,0.227
N1233,0.184,0.603,0.359
N1234,0.373,0.591,0.455
N1235,0.464,0.353,0.607
N1236,0.755,0.506,0.502
N1237,0.444,0.428,0.837
N1238,0.46,0.854,0.316
N1239,0.463,0.724,0.771
N1240,0.779,0.697,0.269
N1241,0.392,0.459,0.81
N1242,0.628,0.795,0.621
N1243,0.374,0.364,0.575
N1244,0.22,0.701,0.652
N1245,0.463,0.194,0.615
N1246,0.657,0.664,0.642
N1247,0.691,0.353,0.703
N1248,0.752,0.399,0.823
N1249,0.378,0.935,0.558
N1250,0.611,0.737,0.506
N1251,0.606,0.735,0.427
N1252,0.79,0.44,0.615
N1253,0.323,0.396,0.524
N1254,0.291,0.76,0.594
N1255,0.729,0.405,0.562
N1256,0.513,0.471,0.298
N1257,0.727,0.36,0.957
N1258,0.559,0.384,0.676
N1259,0.628,0.752,0.387
N1260,0.087,0.548,0.55
N1261,0.331,0.823,0.773
N1262,0.98,0.268,0.625
N1263,0.142,0.98,0.531
N1264,0.783,0.438,0.856
N1265,0.168,0.768,0.473
N1266,0.219,0.812,0.282
N1267,0.486,0.779,0.505
N1268,0.34,0.774,0.328
N1269,0.187,0.853,0.391
N1270,0.729,0.213,0.589
N1271,0.614,0.259,0.719
N1272,0.534,0.618,0.202
N1273,0.818,0.553,0.628
N1274,0.62,0.768,0.278
N1275,0.39,0.523,0.57
N1276,0.792,0.67,0.482
N1277,0.53,0.631,0.252
N1278,0.758,0.75,0.131
N1279,0.097,0.98,0.02
N1280,0.824,0.199,0.603
N1281,0.354,0.442,0.662
N1282,0.373,0.796,0.565
N1283,0.369,0.712,0.485
N1284,0.236,0.427,0.454
N1285,0.567,0.642,0.45
N1286,0.474,0.961,0.302
N1287,0.852,0.356,0.696
N1288,0.545,0.344,0.711
N1289,0.658,0.647,0.48
N1290,0.363,0.62,0.447
N1291,0.654,0.702,0.433
N1292,0.859,0.452,0.655
N1293,0.541,0.51,0.779
N1294,0.241,0.568,0.449
N1295,0.376,0.503,0.471
N1296,0.41,0.603,0.567
N1297,0.345,0.665,0.518
N1298,0.452,0.393,0.584
N1299,0.855,0.543,0.879
N1300,0.3,0.524,0.31
N1301,0.924,0.468,0.736
N1302,0.538,0.367,0.521
N1303,0.573,0.538,0.58
N1304,0.619,0.401,0.396
N1305,0.323,0.85,0.227
N1306,0.582,0.26,0.558
N1307,0.411,0.598,0.344
N1308,0.726,0.632,0.452
N1309,0.504,0.858,0.307
N1310,0.593,0.652,0.5
N1311,0.328,0.59,0.425
N1312,0.1,0.835,0.304
N1313,0.668,0.535,0.681
N1314,0.53,0.42,0.757
N1315,0.575,0.723,0.24
N1316,0.205,0.519,0.705
N1317,0.51,0.46,0.315
N1318,0.144,0.81,0.456
N1319,0.137,0.704,0.587
N1320,0.662,0.366,0.541
N1321,0.441,0.521,0.573
N1322,0.582,0.77,0.766
N1323,0.314,0.752,0.307
N1324,0.603,0.748,0.507
N1325,0.728,0.777,0.211
N1326,0.333,0.665,0.412
N1327,0.162,0.979,0.261
N1328,0.917,0.339,0.706
N1329,0.08,0.806,0.466
N1330,0.766,0.409,0.729
N1331,0.746,0.578,0.285
N1332,0.446,0.586,0.409
N1333,0.662,0.582,0.364
N1334,0.455,0.712,0.345
N1335,0.23,0.32,0.468
N1336,0.477,0.584,0.216
N1337,0.572,0.5,0.25
N1338,0.812,0.578,0.473
N1339,0.648,0.265,0.882
N1340,0.357,0.491,0.31
N1341,0.391,0.692,0.502
N1342,0.346,0.799,0.142
N1343,0.525,0.377,0.494
N1344,0.585,0.572,0.587
N1345,0.545,0.401,0.603
N1346,0.741,0.632,0.452
N1347,0.345,0.492,0.715
N1348,0.63,0.514,0.5
N1349,0.621,0.621,0.487
N1350,0.85,0.824,0.768
N1351,0.507,0.679,0.43
N1352,0.513,0.513,0.395
N1353,0.325,0.693,0.548
N1354,0.646,0.796,0.52
N1355,0.577,0.714,0.488
N1356,0.342,0.767,0.164
N1357,0.491,0.756,0.185
N1358,0.66,0.658,0.708
N1359,0.325,0.834,0.325
N1360,0.726,0.495,0.584
N1361,0.369,0.682,0.379
N1362,0.469,0.711,0.042
N1363,0.719,0.502,0.436
N1364,0.98,0.538,0.625
N1365,0.59,0.751,0.514
N1366,0.98,0.191,0.98
N1367,0.677,0.4,0.517
N1368,0.603,0.513,0.451
N1369,0.929,0.336,0.813
N1370,0.357,0.599,0.543
N1371,0.821,0.667,0.502
N1372,0.774,0.488,0.976
N1373,0.485,0.746,0.585
N1374,0.382,0.873,0.301
N1375,0.854,0.675,0.435
N1376,0.356,0.821,0.559
N1377,0.444,0.341,0.133
N1378,0.914,0.517,0.98
N1379,0.551,0.606,0.532
N1380,0.437,0.604,0.623
N1381,0.655,0.613,0.622
N1382,0.447,0.409,0.468
N1383,0.635,0.205,0.517
N1384,0.463,0.491,0.506
N1385,0.683,0.535,0.265
N1386,0.025,0.922,0.145
N1387,0.286,0.532,0.498
N1388,0.479,0.392,0.437
N1389,0.397,0.649,0.28
N1390,0.454,0.645,0.546
N1391,0.652,0.64,0.649
N1392,0.864,0.433,0.644
N1393,0.393,0.592,0.451
N1394,0.432,0.245,0.737
N1395,0.196,0.546,0.423
N1396,0.07,0.963,0.324
N1397,0.28,0.8,0.582
N1398,0.36,0.334,0.697
N1399,0.772,0.242,0.606
N1400,0.637,0.898,0.481
N1401,0.769,0.592,0.511
N1402,0.711,0.657,0.511
N1403,0.207,0.967,0.507
N1404,0.11,0.98,0.374
N1405,0.897,0.229,0.855
N1406,0.066,0.727,0.296
N1407,0.483,0.534,0.473
N1408,0.869,0.36,0.509
N1409,0.223,0.718,0.368
N1410,0.81,0.44,0.658
N1411,0.65,0.476,0.731
N1412,0.711,0.483,0.574
N1413,0.223,0.543,0.27
N1414,0.375,0.62,0.532
N1415,0.746,0.616,0.726
N1416,0.516,0.481,0.474
N1417,0.643,0.551,0.804
N1418,0.586,0.559,0.583
N1419,0.603,0.639,0.251
N1420,0.207,0.707,0.583
N1421,0.136,0.75,0.526
N1422,0.609,0.634,0.538
N1423,0.205,0.833,0.056
N1424,0.648,0.659,0.659
N1425,0.642,0.472,0.701
N1426,0.504,0.682,0.58
N1427,0.665,0.333,0.587
N1428,0.094,0.707,0.305
N1429,0.43,0.838,0.401
N1430,0.157,0.832,0.496
N1431,0.279,0.476,0.489
N1432,0.569,0.405,0.489
N1433,0.218,0.709,0.45
N1434,0.348,0.82,0.174
N1435,0.98,0.109,0.784
N1436,0.551,0.652,0.606
N1437,0.804,0.444,0.726
N1438,0.495,0.98,0.275
N1439,0.776,0.447,0.384
N1440,0.555,0.618,0.562
N1441,0.591,0.749,0.633
N1442,0.61,0.448,0.596
N1443,0.852,0.406,0.723
N1444,0.335,0.541,0.373
N1445,0.313,0.709,0.419
N1446,0.585,0.574,0.547
N1447,0.698,0.436,0.671
N1448,0.433,0.555,0.196
N1449,0.246,0.657,0.125
N1450,0.409,0.78,0.409
N1451,0.98,0.612,0.504
N1452,0.362,0.572,0.453
N1453,0.509,0.548,0.425
N1454,0.44,0.764,0.706
N1455,0.496,0.647,0.482
N1456,0.508,0.517,0.171
N1457,0.98,0.63,0.797
N1458,0.8,0.348,0.566
N1459,0.741,0.428,0.662
N1460,0.664,0.44,0.498
N1461,0.586,0.54,0.514
N1462,0.02,0.949,0.415
N1463,0.609,0.331,0.507
N1464,0.428,0.376,0.486
N1465,0.272,0.864,0.109
N1466,0.386,0.334,0.579
N1467,0.524,0.643,0.621
N1468,0.374,0.651,0.504
N1469,0.434,0.536,0.463
N1470,0.488,0.532,0.636
N1471,0.404,0.879,0.25
N1472,0.898,0.246,0.663
N1473,0.388,0.61,0.469
N1474,0.238,0.98,0.068
N1475,0.764,0.289,0.766
N1476,0.189,0.98,0.299
N1477,0.49,0.052,0.816
N1478,0.581,0.709,0.777
N1479,0.305,0.445,0.687
N1480,0.745,0.433,0.488
N1481,0.061,0.525,0.607
N1482,0.399,0.496,0.582
N1483,0.657,0.497,0.564
N1484,0.454,0.6,0.427
N1485,0.039,0.738,0.582
N1486,0.825,0.557,0.567
N1487,0.65,0.51,0.5
N1488,0.087,0.596,0.417
N1489,0.535,0.795,0.517
N1490,0.502,0.511,0.389
N1491,0.431,0.98,0.273
N1492,0.63,0.523,0.429
N1493,0.335,0.888,0.234
N1494,0.68,0.35,0.436
N1495,0.841,0.475,0.533
N1496,0.5,0.485,0.384
N1497,0.313,0.686,0.44
N1498,0.722,0.319,0.815
N1499,0.655,0.724,0.218
N1500,0.323,0.839,0.317
N1501,0.597,0.436,0.612
N1502,0.189,0.779,0.442
N1503,0.482,0.529,0.546
N1504,0.48,0.966,0.412
N1505,0.386,0.727,0.477
N1506,0.644,0.697,0.321
N1507,0.879,0.351,0.458
N1508,0.635,0.33,0.592
N1509,0.661,0.385,0.631
N1510,0.636,0.356,0.439
N1511,0.627,0.756,0.473
N1512,0.242,0.381,0.441
N1513,0.558,0.421,0.691
N1514,0.714,0.685,0.499
N1515,0.63,0.791,0.048
N1516,0.808,0.367,0.712
N1517,0.743,0.314,0.863
N1518,0.956,0.313,0.778
N1519,0.798,0.358,0.697
N1520,0.745,0.298,0.873
N1521,0.246,0.44,0.396
N1522,0.614,0.507,0.456
N1523,0.074,0.716,0.616
N1524,0.331,0.539,0.341
N1525,0.562,0.52,0.425
N1526,0.647,0.804,0.361
N1527,0.512,0.25,0.603
N1528,0.208,0.739,0.416
N1529,0.542,0.391,0.622
N1530,0.628,0.369,0.634
N1531,0.841,0.357,0.623
N1532,0.906,0.412,0.784
N1533,0.575,0.567,0.495
N1534,0.577,0.489,0.513
N1535,0.442,0.763,0.136
N1536,0.302,0.824,0.356
N1537,0.712,0.658,0.574
N1538,0.668,0.409,0.582
N1539,0.516,0.363,0.499
N1540,0.409,0.604,0.554
N1541,0.392,0.797,0.274
N1542,0.673,0.905,0.309
N1543,0.327,0.506,0.591
N1544,0.844,0.568,0.606
N1545,0.826,0.389,0.459
N1546,0.594,0.525,0.461
N1547,0.359,0.98,0.098
N1548,0.134,0.6,0.571
N1549,0.503,0.372,0.534
N1550,0.812,0.605,0.533
N1551,0.465,0.238,0.635
N1552,0.572,0.21,0.46
N1553,0.644,0.751,0.333
N1554,0.285,0.691,0.3
N1555,0.444,0.675,0.255
N1556,0.054,0.877,0.152
N1557,0.441,0.514,0.474
N1558,0.608,0.401,0.42
N1559,0.472,0.758,0.267
N1560,0.549,0.658,0.402
N1561,0.522,0.385,0.818
N1562,0.342,0.423,0.6
N1563,0.147,0.643,0.028
N1564,0.318,0.532,0.484
N1565,0.286,0.422,0.429
N1566,0.581,0.429,0.614
N1567,0.435,0.98,0.411
N1568,0.685,0.58,0.785
N1569,0.942,0.368,0.705
N1570,0.38,0.919,0.277
N1571,0.483,0.694,0.33
N1572,0.184,0.921,0.3
N1573,0.674,0.369,0.686
N1574,0.194,0.786,0.471
N1575,0.41,0.877,0.336
N1576,0.391,0.585,0.727
N1577,0.579,0.627,0.425
N1578,0.436,0.385,0.64
N1579,0.594,0.475,0.437
N1580,0.83,0.372,0.598
N1581,0.614,0.748,0.507
N1582,0.38,0.98,0.313
N1583,0.02,0.842,0.435
N1584,0.298,0.98,0.373
N1585,0.322,0.02,0.98
N1586,0.259,0.783,0.386
N1587,0.344,0.493,0.457
N1588,0.533,0.462,0.684
N1589,0.403,0.453,0.286
N1590,0.478,0.733,0.071
N1591,0.349,0.413,0.546
N1592,0.577,0.41,0.503
N1593,0.356,0.966,0.306
N1594,0.456,0.506,0.503
N1595,0.54,0.677,0.98
N1596,0.278,0.98,0.494
N1597,0.98,0.567,0.523
N1598,0.573,0.646,0.66
N1599,0.8,0.321,0.522
N1600,0.801,0.363,0.566
N1601,0.631,0.617,0.696
N1602,0.323,0.98,0.064
N1603,0.704,0.468,0.594
N1604,0.546,0.575,0.501
N1605,0.457,0.704,0.557
N1606,0.527,0.688,0.398
N1607,0.76,0.646,0.398
N1608,0.595,0.346,0.749
N1609,0.959,0.216,0.43
N1610,0.312,0.615,0.399
N1611,0.642,0.563,0.35
N1612,0.809,0.421,0.98
N1613,0.477,0.363,0.619
N1614,0.553,0.416,0.62
N1615,0.348,0.713,0.379
N1616,0.797,0.427,0.714
N1617,0.619,0.559,0.47
N1618,0.467,0.654,0.489
N1619,0.487,0.47,0.397
N1620,0.106,0.49,0.437
N1621,0.725,0.545,0.681
N1622,0.751,0.745,0.481
N1623,0.314,0.67,0.365
N1624,0.905,0.668,0.613
N1625,0.588,0.616,0.661
N1626,0.98,0.384,0.457
N1627,0.701,0.448,0.576
N1628,0.355,0.286,0.44
N1629,0.304,0.736,0.508
N1630,0.875,0.435,0.632
N1631,0.422,0.373,0.664
N1632,0.268,0.705,0.285
N1633,0.16,0.558,0.583
N1634,0.538,0.567,0.575
N1635,0.535,0.503,0.413
N1636,0.109,0.876,0.252
N1637,0.315,0.883,0.358
N1638,0.322,0.724,0.57
N1639,0.543,0.52,0.558
N1640,0.713,0.38,0.562
N1641,0.388,0.38,0.703
N1642,0.533,0.457,0.409
N1643,0.522,0.544,0.347
N1644,0.846,0.392,0.436
N1645,0.645,0.63,0.746
N1646,0.98,0.56,0.581
N1647,0.288,0.545,0.693
N1648,0.659,0.847,0.561
N1649,0.648,0.414,0.524
N1650,0.606,0.567,0.678
N1651,0.354,0.544,0.37
N1652,0.756,0.593,0.542
N1653,0.653,0.606,0.337
N1654,0.254,0.493,0.732
N1655,0.408,0.514,0.628
N1656,0.251,0.555,0.416
N1657,0.116,0.571,0.584
N1658,0.383,0.818,0.451
N1659,0.514,0.646,0.431
N1660,0.746,0.627,0.585
N1661,0.388,0.586,0.601
N1662,0.169,0.823,0.384
N1663,0.832,0.559,0.536
N1664,0.121,0.855,0.271
N1665,0.25,0.767,0.555
N1666,0.652,0.749,0.271
N1667,0.687,0.602,0.43
N1668,0.645,0.825,0.561
N1669,0.645,0.627,0.359
N1670,0.051,0.98,0.352
N1671,0.98,0.659,0.794
N1672,0.423,0.872,0.447
N1673,0.468,0.155,0.664
N1674,0.934,0.096,0.909
N1675,0.505,0.634,0.553
N1676,0.892,0.265,0.307
N1677,0.752,0.59,0.419
N1678,0.691,0.822,0.591
N1679,0.919,0.244,0.611
N1680,0.392,0.868,0.345
N1681,0.529,0.275,0.51
N1682,0.666,0.676,0.638
N1683,0.438,0.334,0.592
N1684,0.392,0.507,0.502
N1685,0.156,0.919,0.358
N1686,0.847,0.222,0.695
N1687,0.339,0.622,0.401
N1688,0.548,0.462,0.445
N1689,0.728,0.625,0.453
N1690,0.265,0.64,0.543
N1691,0.494,0.356,0.564
N1692,0.617,0.538,0.632
N1693,0.382,0.565,0.482
N1694,0.44,0.754,0.548
N1695,0.775,0.364,0.648
N1696,0.98,0.388,0.809
N1697,0.4,0.75,0.423
N1698,0.216,0.676,0.392
N1699,0.471,0.282,0.644
N1700,0.401,0.797,0.432
N1701,0.791,0.456,0.441
N1702,0.19,0.98,0.152
N1703,0.98,0.241,0.92
N1704,0.455,0.398,0.559
N1705,0.433,0.581,0.334
N1706,0.3,0.5,0.629
N1707,0.231,0.633,0.134
N1708,0.401,0.351,0.575
N1709,0.199,0.867,0.653
N1710,0.291,0.636,0.616
N1711,0.56,0.648,0.777
N1712,0.595,0.371,0.611
N1713,0.604,0.576,0.824
N1714,0.98,0.185,0.589
N1715,0.42,0.64,0.578
N1716,0.721,0.44,0.683
N1717,0.57,0.531,0.724
N1718,0.34,0.746,0.393
N1719,0.838,0.461,0.521
N1720,0.392,0.644,0.41
N1721,0.397,0.539,0.477
N1722,0.248,0.875,0.218
N1723,0.823,0.382,0.705
N1724,0.38,0.643,0.297
N1725,0.838,0.326,0.658
N1726,0.652,0.441,0.281
N1727,0.666,0.454,0.591
N1728,0.783,0.66,0.657
N1729,0.602,0.475,0.642
N1730,0.353,0.632,0.207
N1731,0.262,0.806,0.655
N1732,0.868,0.552,0.703
N1733,0.634,0.464,0.449
N1734,0.49,0.896,0.298
N1735,0.336,0.377,0.733
N1736,0.695,0.528,0.842
N1737,0.677,0.405,0.937
N1738,0.661,0.232,0.425
N1739,0.533,0.707,0.279
N1740,0.455,0.629,0.509
N1741,0.728,0.037,0.716
N1742,0.602,0.392,0.563
N1743,0.463,0.234,0.454
N1744,0.713,0.748,0.73
N1745,0.617,0.904,0.435
N1746,0.529,0.675,0.197
N1747,0.586,0.505,0.566
N1748,0.608,0.343,0.589
N1749,0.369,0.574,0.716
N1750,0.254,0.707,0.417
N1751,0.442,0.559,0.334
N1752,0.388,0.811,0.371
N1753,0.427,0.387,0.477
N1754,0.266,0.659,0.364
N1755,0.333,0.57,0.45
N1756,0.682,0.234,0.332
N1757,0.49,0.821,0.424
N1758,0.439,0.716,0.224
N1759,0.438,0.521,0.674
N1760,0.864,0.481,0.654
N1761,0.376,0.861,0.408
N1762,0.274,0.793,0.572
N1763,0.735,0.164,0.865
N1764,0.518,0.852,0.584
N1765,0.729,0.517,0.569
N1766,0.574,0.814,0.415
N1767,0.375,0.715,0.281
N1768,0.783,0.502,0.8
N1769,0.443,0.74,0.504
N1770,0.507,0.462,0.646
N1771,0.7,0.378,0.599
N1772,0.465,0.612,0.602
N1773,0.42,0.593,0.376
N1774,0.492,0.413,0.322
N1775,0.314,0.43,0.347
N1776,0.465,0.582,0.402
N1777,0.753,0.441,0.445
N1778,0.659,0.4,0.664
N1779,0.429,0.438,0.458
N1780,0.557,0.709,0.211
N1781,0.644,0.493,0.668
N1782,0.222,0.764,0.213
N1783,0.758,0.366,0.677
N1784,0.593,0.538,0.328
N1785,0.686,0.372,0.445
N1786,0.286,0.98,0.109
N1787,0.684,0.438,0.653
N1788,0.57,0.279,0.485
N1789,0.113,0.98,0.415
N1790,0.193,0.558,0.238
N1791,0.617,0.558,0.454
N1792,0.184,0.827,0.511
N1793,0.546,0.558,0.395
N1794,0.221,0.611,0.515
N1795,0.077,0.836,0.039
N1796,0.844,0.476,0.648
N1797,0.565,0.442,0.448
N1798,0.446,0.875,0.581
N1799,0.495,0.555,0.407
N1800,0.51,0.767,0.28
N1801,0.521,0.854,0.444
N1802,0.41,0.98,0.316
N1803,0.572,0.592,0.724
N1804,0.279,0.767,0.422
N1805,0.693,0.469,0.609
N1806,0.442,0.797,0.122
N1807,0.602,0.661,0.589
N1808,0.873,0.281,0.839
N1809,0.381,0.643,0.451
N1810,0.441,0.156,0.727
N1811,0.084,0.626,0.361
N1812,0.373,0.663,0.528
N1813,0.61,0.511,0.666
N1814,0.558,0.468,0.526
N1815,0.455,0.49,0.435
N1816,0.437,0.439,0.567
N1817,0.535,0.711,0.47
N1818,0.217,0.807,0.375
N1819,0.652,0.707,0.585
N1820,0.803,0.57,0.412
N1821,0.745,0.727,0.449
N1822,0.753,0.452,0.821
N1823,0.648,0.245,0.659
N1824,0.716,0.749,0.404
N1825,0.326,0.572,0.586
N1826,0.332,0.773,0.493
N1827,0.945,0.437,0.857
N1828,0.573,0.624,0.292
N1829,0.512,0.647,0.412
N1830,0.397,0.486,0.533
N1831,0.577,0.464,0.441
N1832,0.301,0.679,0.44
N1833,0.235,0.681,0.234
N1834,0.107,0.888,0.327
N1835,0.597,0.328,0.691
N1836,0.394,0.873,0.554
N1837,0.764,0.901,0.504
N1838,0.475,0.626,0.325
N1839,0.455,0.714,0.656
N1840,0.225,0.906,0.592
N1841,0.392,0.418,0.773
N1842,0.02,0.702,0.3
N1843,0.241,0.799,0.231
N1844,0.336,0.605,0.37
N1845,0.665,0.721,0.336
N1846,0.232,0.961,0.172
N1847,0.34,0.745,0.478
N1848,0.346,0.494,0.473
N1849,0.264,0.761,0.317
N1850,0.795,0.672,0.547
N1851,0.592,0.627,0.524
N1852,0.555,0.844,0.5
N1853,0.49,0.661,0.626
N1854,0.616,0.386,0.809
N1855,0.285,0.618,0.533
N1856,0.121,0.803,0.289
N1857,0.416,0.717,0.462
N1858,0.603,0.98,0.536
N1859,0.068,0.72,0.253
N1860,0.78,0.266,0.561
N1861,0.514,0.633,0.534
N1862,0.785,0.357,0.486
N1863,0.739,0.184,0.57
N1864,0.445,0.765,0.284
N1865,0.478,0.851,0.454
N1866,0.324,0.973,0.449
N1867,0.927,0.363,0.447
N1868,0.55,0.604,0.248
N1869,0.623,0.588,0.391
N1870,0.371,0.633,0.205
N1871,0.537,0.68,0.746
N1872,0.702,0.528,0.649
N1873,0.779,0.488,0.603
N1874,0.291,0.923,0.297
N1875,0.68,0.352,0.79
N1876,0.867,0.255,0.59
N1877,0.815,0.245,0.641
N1878,0.297,0.558,0.288
N1879,0.195,0.98,0.301
N1880,0.172,0.899,0.567
N1881,0.509,0.278,0.633
N1882,0.409,0.649,0.417
N1883,0.694,0.344,0.597
N1884,0.296,0.749,0.279
N1885,0.164,0.691,0.592
N1886,0.438,0.496,0.589
N1887,0.362,0.625,0.13
N1888,0.885,0.325,0.586
N1889,0.404,0.652,0.56
N1890,0.35,0.772,0.325
N1891,0.31,0.682,0.397
N1892,0.667,0.474,0.593
N1893,0.618,0.741,0.41
N1894,0.502,0.649,0.613
N1895,0.505,0.485,0.634
N1896,0.694,0.376,0.467
N1897,0.849,0.551,0.524
N1898,0.559,0.553,0.623
N1899,0.508,0.556,0.475
N1900,0.748,0.598,0.461
N1901,0.406,0.745,0.328
N1902,0.815,0.394,0.655
N1903,0.501,0.484,0.601
N1904,0.192,0.584,0.209
N1905,0.826,0.715,0.479
N1906,0.467,0.492,0.504
N1907,0.919,0.328,0.609
N1908,0.579,0.483,0.688
N1909,0.476,0.647,0.468
N1910,0.971,0.319,0.717
N1911,0.236,0.6,0.42
N1912,0.551,0.915,0.356
N1913,0.61,0.581,0.436
N1914,0.157,0.738,0.338
N1915,0.419,0.478,0.565
N1916,0.206,0.718,0.355
N1917,0.539,0.913,0.131
N1918,0.735,0.584,0.609
N1919,0.434,0.618,0.606
N1920,0.345,0.689,0.368
N1921,0.756,0.535,0.548
N1922,0.387,0.753,0.122
N1923,0.319,0.607,0.343
N1924,0.227,0.561,0.659
N1925,0.461,0.645,0.468
N1926,0.214,0.88,0.233
N1927,0.509,0.928,0.239
N1928,0.772,0.256,0.887
N1929,0.625,0.763,0.552
N1930,0.402,0.167,0.395
N1931,0.291,0.443,0.265
N1932,0.403,0.707,0.727
N1933,0.608,0.421,0.733
N1934,0.965,0.311,0.498
N1935,0.652,0.3,0.43
N1936,0.565,0.403,0.696
N1937,0.488,0.518,0.596
N1938,0.324,0.742,0.788
N1939,0.608,0.799,0.455
N1940,0.803,0.955,0.661
N1941,0.435,0.98,0.241
N1942,0.493,0.635,0.511
N1943,0.389,0.566,0.505
N1944,0.448,0.353,0.598
N1945,0.976,0.372,0.883
N1946,0.575,0.83,0.401
N1947,0.98,0.156,0.934
N1948,0.439,0.652,0.284
N1949,0.478,0.93,0.494
N1950,0.942,0.364,0.681
N1951,0.98,0.617,0.599
N1952,0.717,0.432,0.867
N1953,0.38,0.586,0.414
N1954,0.415,0.355,0.629
N1955,0.764,0.153,0.833
N1956,0.245,0.591,0.604
N1957,0.522,0.866,0.323
N1958,0.605,0.248,0.87
N1959,0.708,0.194,0.608
N1960,0.479,0.412,0.567
N1961,0.464,0.484,0.474
N1962,0.485,0.276,0.666
N1963,0.568,0.663,0.612
N1964,0.98,0.385,0.783
N1965,0.38,0.575,0.31
N1966,0.229,0.813,0.522
N1967,0.823,0.62,0.624
N1968,0.465,0.42,0.532
N1969,0.02,0.846,0.458
N1970,0.617,0.648,0.424
N1971,0.528,0.547,0.46
N1972,0.551,0.67,0.622
N1973,0.567,0.839,0.289
N1974,0.485,0.575,0.775
N1975,0.181,0.85,0.02
N1976,0.249,0.557,0.397
N1977,0.596,0.618,0.185
N1978,0.842,0.293,0.658
N1979,0.659,0.583,0.492
N1980,0.744,0.621,0.381
N1981,0.665,0.697,0.547
N1982,0.546,0.641,0.68
N1983,0.369,0.7,0.748
N1984,0.283,0.585,0.02
N1985,0.663,0.4,0.649
N1986,0.427,0.781,0.346
N1987,0.708,0.587,0.454
N1988,0.154,0.709,0.49
N1989,0.661,0.49,0.685
N1990,0.22,0.72,0.522
N1991,0.466,0.564,0.391
N1992,0.693,0.341,0.52
N1993,0.217,0.753,0.317
N1994,0.165,0.528,0.379
N1995,0.501,0.501,0.514
N1996,0.816,0.648,0.382
N1997,0.168,0.403,0.499
N1998,0.408,0.6,0.499
N1999,0.606,0.533,0.308
N2000,0.923,0.502,0.879
N2001,0.769,0.497,0.836
N2002,0.627,0.408,0.569
N2003,0.02,0.794,0.344
N2004,0.195,0.756,0.154
N2005,0.482,0.652,0.346
N2006,0.447,0.296,0.673
N2007,0.425,0.481,0.391
N2008,0.441,0.563,0.579
N2009,0.435,0.401,0.481
N2010,0.681,0.474,0.453
N2011,0.498,0.828,0.467
N2012,0.824,0.572,0.645
N2013,0.657,0.647,0.676
N2014,0.528,0.433,0.461
N2015,0.761,0.494,0.779
N2016,0.67,0.77,0.57
N2017,0.536,0.678,0.433
N2018,0.772,0.475,0.581
N2019,0.481,0.541,0.463
N2020,0.506,0.493,0.436
N2021,0.481,0.502,0.594
N2022,0.659,0.298,0.541
N2023,0.493,0.482,0.673
N2024,0.51,0.844,0.403
N2025,0.546,0.926,0.294
N2026,0.666,0.222,0.556
N2027,0.283,0.69,0.531
N2028,0.633,0.254,0.69
N2029,0.668,0.742,0.685
N2030,0.522,0.743,0.782
N2031,0.639,0.493,0.677
N2032,0.283,0.626,0.55
N2033,0.595,0.684,0.748
N2034,0.38,0.876,0.288
N2035,0.644,0.334,0.403
N2036,0.381,0.597,0.69
N2037,0.347,0.02,0.271
N2038,0.433,0.362,0.636
N2039,0.444,0.59,0.491
N2040,0.43,0.384,0.622
N2041,0.29,0.795,0.255
N2042,0.586,0.47,0.481
N2043,0.629,0.48,0.72
N2044,0.244,0.796,0.255
N2045,0.644,0.221,0.932
N2046,0.15,0.694,0.416
N2047,0.378,0.328,0.479
N2048,0.629,0.714,0.643
N2049,0.767,0.383,0.456
N2050,0.256,0.417,0.436
N2051,0.292,0.555,0.689
N2052,0.435,0.582,0.495
N2053,0.372,0.541,0.692
N2054,0.616,0.481,0.561
N2055,0.58,0.565,0.407
N2056,0.55,0.581,0.549
N2057,0.37,0.492,0.613
N2058,0.296,0.55,0.402
N2059,0.109,0.807,0.444
N2060,0.433,0.588,0.216
N2061,0.376,0.98,0.32
N2062,0.367,0.653,0.489
N2063,0.643,0.629,0.489
N2064,0.502,0.662,0.458
N2065,0.479,0.477,0.343
N2066,0.352,0.69,0.373
N2067,0.313,0.597,0.269
N2068,0.55,0.545,0.596
N2069,0.819,0.753,0.316
N2070,0.212,0.736,0.283
N2071,0.401,0.914,0.406
N2072,0.23,0.452,0.508
N2073,0.347,0.698,0.302
N2074,0.024,0.623,0.191
N2075,0.367,0.661,0.54
N2076,0.515,0.406,0.266
N2077,0.682,0.633,0.636
N2078,0.615,0.68,0.368
N2079,0.349,0.38,0.559
N2080,0.325,0.749,0.311
N2081,0.72,0.62,0.27
N2082,0.169,0.708,0.436
N2083,0.02,0.642,0.476
N2084,0.514,0.499,0.748
N2085,0.372,0.776,0.191
N2086,0.568,0.586,0.757
N2087,0.528,0.47,0.693
N2088,0.588,0.722,0.287
N2089,0.345,0.777,0.509
N2090,0.404,0.51,0.412
N2091,0.289,0.376,0.438
N2092,0.804,0.484,0.538
N2093,0.845,0.489,0.541
N2094,0.552,0.588,0.389
N2095,0.674,0.675,0.778
N2096,0.594,0.735,0.503
N2097,0.529,0.557,0.537
N2098,0.347,0.646,0.574
N2099,0.476,0.727,0.251
N2100,0.429,0.691,0.581
N2101,0.549,0.817,0.212
N2102,0.13,0.98,0.367
N2103,0.686,0.442,0.673
N2104,0.719,0.501,0.592
N2105,0.222,0.555,0.244
N2106,0.365,0.826,0.107
N2107,0.492,0.558,0.482
N2108,0.442,0.98,0.763
N2109,0.563,0.511,0.554
N2110,0.609,0.678,0.263
N2111,0.486,0.519,0.596
N2112,0.272,0.521,0.415
N2113,0.288,0.463,0.542
N2114,0.289,0.974,0.263
N2115,0.586,0.687,0.587
N2116,0.376,0.968,0.119
N2117,0.741,0.563,0.376
N2118,0.466,0.915,0.422
N2119,0.32,0.399,0.263
N2120,0.582,0.363,0.68
N2121,0.557,0.24,0.484
N2122,0.791,0.121,0.62
N2123,0.553,0.744,0.286
N2124,0.723,0.636,0.383
N2125,0.736,0.458,0.87
N2126,0.02,0.768,0.368
N2127,0.365,0.72,0.501
N2128,0.42,0.648,0.431
N2129,0.269,0.736,0.587
N2130,0.272,0.476,0.34
N2131,0.829,0.653,0.767
N2132,0.632,0.459,0.401
N2133,0.717,0.639,0.622
N2134,0.45,0.364,0.39
N2135,0.583,0.388,0.366
N2136,0.334,0.808,0.426
N2137,0.57,0.896,0.54
N2138,0.205,0.821,0.272
N2139,0.98,0.357,0.784
N2140,0.622,0.644,0.418
N2141,0.869,0.336,0.744
N2142,0.374,0.502,0.44
N2143,0.433,0.831,0.395
N2144,0.469,0.529,0.613
N2145,0.517,0.508,0.646
N2146,0.98,0.524,0.651
N2147,0.124,0.976,0.354
N2148,0.681,0.545,0.558
N2149,0.313,0.585,0.073
N2150,0.624,0.71,0.416
N2151,0.807,0.275,0.666
N2152,0.98,0.24,0.945
N2153,0.557,0.646,0.574
N2154,0.883,0.598,0.735
N2155,0.559,0.734,0.543
N2156,0.859,0.389,0.953
N2157,0.373,0.386,0.633
N2158,0.326,0.481,0.667
N2159,0.564,0.572,0.414
N2160,0.593,0.767,0.498
N2161,0.502,0.509,0.192
N2162,0.557,0.751,0.444
N2163,0.542,0.468,0.932
N2164,0.664,0.346,0.582
N2165,0.635,0.565,0.669
N2166,0.504,0.657,0.732
N2167,0.338,0.674,0.54
N2168,0.721,0.456,0.44
N2169,0.479,0.696,0.486
N2170,0.657,0.193,0.547
N2171,0.412,0.57,0.391
N2172,0.961,0.606,0.539
N2173,0.519,0.54,0.459
N2174,0.803,0.481,0.586
N2175,0.273,0.579,0.375
N2176,0.693,0.659,0.282
N2177,0.807,0.707,0.413
N2178,0.294,0.456,0.504
N2179,0.646,0.629,0.6
N2180,0.459,0.618,0.699
N2181,0.645,0.208,0.596
N2182,0.319,0.376,0.936
N2183,0.279,0.444,0.779
N2184,0.063,0.98,0.049
N2185,0.331,0.466,0.402
N2186,0.409,0.46,0.532
N2187,0.291,0.593,0.847
N2188,0.444,0.423,0.476
N2189,0.75,0.622,0.699
N2190,0.345,0.623,0.669
N2191,0.67,0.898,0.161
N2192,0.499,0.673,0.661
N2193,0.736,0.297,0.69
N2194,0.577,0.744,0.51
N2195,0.456,0.628,0.669
N2196,0.553,0.544,0.641
N2197,0.636,0.57,0.916
N2198,0.951,0.369,0.901
N2199,0.54,0.625,0.398
N2200,0.494,0.532,0.606
N2201,0.685,0.287,0.98
N2202,0.202,0.413,0.239
N2203,0.584,0.764,0.419
N2204,0.922,0.509,0.55
N2205,0.641,0.714,0.653
N2206,0.75,0.448,0.7
N2207,0.754,0.383,0.635
N2208,0.472,0.618,0.557
N2209,0.651,0.823,0.456
N2210,0.98,0.611,0.566
N2211,0.533,0.473,0.633
N2212,0.867,0.355,0.755
N2213,0.342,0.534,0.436
N2214,0.415,0.71,0.507
N2215,0.303,0.549,0.381
N2216,0.418,0.441,0.51
N2217,0.526,0.671,0.593
N2218,0.531,0.488,0.719
N2219,0.285,0.849,0.275
N2220,0.482,0.744,0.487
N2221,0.788,0.377,0.701
N2222,0.488,0.357,0.501
N2223,0.495,0.443,0.629
N2224,0.174,0.798,0.299
N2225,0.49,0.553,0.616
N2226,0.686,0.738,0.701
N2227,0.933,0.128,0.953
N2228,0.269,0.613,0.532
N2229,0.654,0.653,0.591
N2230,0.117,0.663,0.425
N2231,0.838,0.221,0.706
N2232,0.824,0.487,0.609
N2233,0.841,0.317,0.587
N2234,0.659,0.559,0.517
N2235,0.502,0.649,0.592
N2236,0.758,0.384,0.428
N2237,0.781,0.52,0.536
N2238,0.42,0.539,0.443
N2239,0.166,0.531,0.25
N2240,0.453,0.734,0.627
N2241,0.736,0.807,0.573
N2242,0.653,0.378,0.497
N2243,0.427,0.632,0.491
N2244,0.53,0.407,0.414
N2245,0.464,0.565,0.734
N2246,0.31,0.416,0.44
N2247,0.668,0.406,0.608
N2248,0.308,0.451,0.491
N2249,0.756,0.656,0.646
N2250,0.588,0.403,0.756
N2251,0.288,0.563,0.721
N2252,0.257,0.821,0.262
N2253,0.437,0.837,0.622
N2254,0.669,0.505,0.663
N2255,0.683,0.694,0.279
N2256,0.581,0.477,0.451
N2257,0.669,0.117,0.592
N2258,0.224,0.481,0.662
N2259,0.425,0.763,0.117
N2260,0.553,0.578,0.296
N2261,0.543,0.336,0.631
N2262,0.406,0.309,0.262
N2263,0.377,0.418,0.61
N2264,0.383,0.327,0.646
N2265,0.515,0.458,0.654
N2266,0.582,0.538,0.409
N2267,0.661,0.23,0.625
N2268,0.243,0.497,0.662
N2269,0.98,0.158,0.576
N2270,0.884,0.072,0.798
N2271,0.423,0.931,0.431
N2272,0.476,0.653,0.515
N2273,0.361,0.664,0.437
N2274,0.814,0.356,0.764
N2275,0.287,0.555,0.209
N2276,0.707,0.563,0.612
N2277,0.453,0.842,0.468
N2278,0.207,0.431,0.4
N2279,0.7,0.615,0.67
N2280,0.675,0.957,0.735
N2281,0.247,0.44,0.334
N2282,0.479,0.563,0.449
N2283,0.389,0.871,0.431
N2284,0.195,0.831,0.315
N2285,0.607,0.515,0.778
N2286,0.782,0.442,0.764
N2287,0.637,0.737,0.576
N2288,0.464,0.358,0.407
N2289,0.521,0.447,0.591
N2290,0.837,0.518,0.655
N2291,0.932,0.254,0.722
N2292,0.29,0.595,0.551
N2293,0.862,0.616,0.573
N2294,0.02,0.98,0.18
N2295,0.54,0.637,0.529
N2296,0.379,0.398,0.635
N2297,0.89,0.334,0.654
N2298,0.424,0.734,0.308
N2299,0.529,0.813,0.413
N2300,0.493,0.517,0.544
N2301,0.432,0.082,0.596
N2302,0.556,0.486,0.488
N2303,0.384,0.449,0.322
N2304,0.057,0.769,0.213
N2305,0.585,0.816,0.666
N2306,0.472,0.583,0.624
N2307,0.572,0.666,0.311
N2308,0.587,0.3,0.48
N2309,0.658,0.485,0.681
N2310,0.501,0.547,0.58
N2311,0.508,0.548,0.388
N2312,0.584,0.443,0.603
N2313,0.39,0.777,0.721
N2314,0.711,0.486,0.74
N2315,0.499,0.67,0.547
N2316,0.253,0.781,0.227
N2317,0.02,0.684,0.053
N2318,0.326,0.441,0.567
N2319,0.394,0.621,0.444
N2320,0.624,0.598,0.545
N2321,0.55,0.521,0.49
N2322,0.108,0.98,0.39
N2323,0.691,0.482,0.558
N2324,0.74,0.54,0.462
N2325,0.785,0.524,0.515
N2326,0.02,0.933,0.349
N2327,0.723,0.352,0.542
N2328,0.705,0.283,0.77
N2329,0.797,0.332,0.98
N2330,0.533,0.407,0.626
N2331,0.443,0.56,0.464
N2332,0.224,0.744,0.342
N2333,0.676,0.634,0.521
N2334,0.457,0.98,0.246
N2335,0.28,0.792,0.4
N2336,0.605,0.48,0.561
N2337,0.657,0.516,0.608
N2338,0.543,0.517,0.436
N2339,0.558,0.559,0.562
N2340,0.294,0.541,0.511
N2341,0.465,0.503,0.334
N2342,0.189,0.827,0.414
N2343,0.039,0.98,0.394
N2344,0.798,0.395,0.521
N2345,0.358,0.718,0.217
N2346,0.567,0.746,0.434
N2347,0.428,0.824,0.292
N2348,0.487,0.495,0.693
N2349,0.55,0.463,0.493
N2350,0.854,0.586,0.423
N2351,0.261,0.533,0.532
N2352,0.549,0.98,0.445
N2353,0.835,0.316,0.709
N2354,0.24,0.706,0.322
N2355,0.439,0.662,0.404
N2356,0.498,0.57,0.394
N2357,0.507,0.407,0.649
N2358,0.858,0.605,0.357
N2359,0.602,0.55,0.431
N2360,0.478,0.546,0.39
N2361,0.16,0.659,0.358
N2362,0.492,0.652,0.382
N2363,0.538,0.624,0.325
N2364,0.63,0.224,0.8
N2365,0.415,0.714,0.381
N2366,0.508,0.445,0.527
N2367,0.348,0.781,0.512
N2368,0.524,0.543,0.472
N2369,0.702,0.735,0.752
N2370,0.444,0.631,0.846
N2371,0.581,0.371,0.61
N2372,0.149,0.714,0.473
N2373,0.799,0.307,0.737
N2374,0.332,0.662,0.503
N2375,0.378,0.741,0.528
N2376,0.779,0.119,0.787
N2377,0.681,0.423,0.653
N2378,0.486,0.612,0.399
N2379,0.972,0.714,0.309
N2380,0.581,0.749,0.466
N2381,0.45,0.438,0.833
N2382,0.948,0.505,0.706
N2383,0.607,0.962,0.514
N2384,0.02,0.896,0.119
N2385,0.605,0.803,0.512
N2386,0.542,0.756,0.439
N2387,0.488,0.612,0.653
N2388,0.489,0.87,0.364
N2389,0.917,0.179,0.562
N2390,0.692,0.664,0.294
N2391,0.625,0.612,0.605
N2392,0.123,0.641,0.3
N2393,0.539,0.503,0.501
N2394,0.588,0.219,0.626
N2395,0.872,0.491,0.454
N2396,0.588,0.751,0.413
N2397,0.627,0.504,0.513
N2398,0.394,0.753,0.367
N2399,0.439,0.489,0.569
N2400,0.569,0.653,0.416
N2401,0.568,0.532,0.472
N2402,0.347,0.836,0.227
N2403,0.934,0.32,0.569
N2404,0.876,0.521,0.652
N2405,0.312,0.902,0.245
N2406,0.699,0.847,0.548
N2407,0.332,0.718,0.718
N2408,0.638,0.554,0.543
N2409,0.411,0.497,0.618
N2410,0.317,0.516,0.667
N2411,0.436,0.833,0.617
N2412,0.871,0.283,0.813
N2413,0.926,0.438,0.665
N2414,0.841,0.372,0.651
N2415,0.213,0.361,0.73
N2416,0.511,0.357,0.909
N2417,0.533,0.793,0.552
N2418,0.637,0.455,0.566
N2419,0.329,0.728,0.479
N2420,0.311,0.893,0.152
N2421,0.292,0.538,0.498
N2422,0.874,0.118,0.764
N2423,0.381,0.887,0.333
N2424,0.779,0.401,0.778
N2425,0.456,0.514,0.546
N2426,0.417,0.495,0.3
N2427,0.409,0.325,0.51
N2428,0.956,0.721,0.286
N2429,0.603,0.353,0.484
N2430,0.547,0.98,0.603
N2431,0.6,0.612,0.191
N2432,0.98,0.258,0.808
N2433,0.685,0.263,0.563
N2434,0.953,0.185,0.776
N2435,0.895,0.295,0.646
N2436,0.496,0.661,0.164
N2437,0.37,0.667,0.363
N2438,0.603,0.377,0.776
N2439,0.72,0.502,0.636
N2440,0.71,0.614,0.443
N2441,0.761,0.431,0.549
N2442,0.269,0.588,0.329
N2443,0.888,0.329,0.68
N2444,0.492,0.516,0.655
N2445,0.864,0.365,0.496
N2446,0.679,0.467,0.439
N2447,0.618,0.536,0.64
N2448,0.519,0.313,0.495
N2449,0.424,0.556,0.289
N2450,0.466,0.726,0.294
N2451,0.103,0.617,0.367
N2452,0.658,0.43,0.432
N2453,0.514,0.516,0.333
N2454,0.549,0.299,0.448
N2455,0.325,0.98,0.326
N2456,0.072,0.829,0.301
N2457,0.482,0.98,0.375
N2458,0.387,0.788,0.44
N2459,0.111,0.557,0.057
N2460,0.52,0.33,0.541
N2461,0.257,0.734,0.302
N2462,0.149,0.873,0.289
N2463,0.232,0.568,0.624
N2464,0.465,0.705,0.416
N2465,0.758,0.518,0.567
N2466,0.353,0.576,0.394
N2467,0.727,0.542,0.826
N2468,0.588,0.641,0.801
N2469,0.648,0.352,0.631
N2470,0.708,0.593,0.534
N2471,0.311,0.294,0.884
N2472,0.551,0.749,0.6
N2473,0.762,0.358,0.619
N2474,0.519,0.91,0.476
N2475,0.711,0.02,0.492
N2476,0.525,0.726,0.316
N2477,0.504,0.449,0.595
N2478,0.547,0.966,0.11
N2479,0.505,0.886,0.74
N2480,0.774,0.168,0.962
N2481,0.862,0.599,0.676
N2482,0.534,0.61,0.72
N2483,0.462,0.236,0.648
N2484,0.57,0.575,0.468
N2485,0.768,0.415,0.556
N2486,0.83,0.456,0.894
N2487,0.605,0.71,0.508
N2488,0.429,0.66,0.332
N2489,0.946,0.446,0.687
N2490,0.423,0.721,0.053
N2491,0.401,0.856,0.419
N2492,0.379,0.799,0.291
N2493,0.717,0.677,0.458
N2494,0.316,0.677,0.359
N2495,0.481,0.294,0.555
N2496,0.401,0.582,0.293
N2497,0.415,0.553,0.43
N2498,0.345,0.808,0.598
N2499,0.444,0.666,0.521
N2500,0.489,0.704,0.51
N2501,0.02,0.98,0.046
N2502,0.903,0.234,0.647
N2503,0.442,0.747,0.633
N2504,0.106,0.545,0.08
N2505,0.584,0.444,0.498
N2506,0.559,0.553,0.265
N2507,0.177,0.754,0.365
N2508,0.554,0.612,0.02
N2509,0.242,0.684,0.059
N2510,0.54,0.458,0.334
N2511,0.566,0.639,0.545
N2512,0.452,0.57,0.584
N2513,0.379,0.679,0.346
N2514,0.283,0.644,0.351
N2515,0.549,0.341,0.462
N2516,0.375,0.464,0.73
N2517,0.526,0.675,0.284
N2518,0.814,0.31,0.785
N2519,0.613,0.403,0.463
N2520,0.606,0.488,0.738
N2521,0.69,0.185,0.641
N2522,0.43,0.439,0.366
N2523,0.02,0.512,0.459
N2524,0.521,0.78,0.405
N2525,0.326,0.837,0.287
N2526,0.041,0.388,0.537
N2527,0.589,0.422,0.638
N2528,0.856,0.147,0.575
N2529,0.507,0.789,0.357
N2530,0.269,0.697,0.376
N2531,0.64,0.255,0.675
N2532,0.313,0.805,0.379
N2533,0.493,0.422,0.653
N2534,0.389,0.769,0.353
N2535,0.136,0.65,0.153
N2536,0.443,0.686,0.56
N2537,0.619,0.547,0.554
N2538,0.118,0.98,0.246
N2539,0.98,0.67,0.619
N2540,0.556,0.534,0.405
N2541,0.365,0.871,0.336
N2542,0.463,0.714,0.54
N2543,0.327,0.333,0.403
N2544,0.232,0.595,0.349
N2545,0.25,0.81,0.301
N2546,0.383,0.636,0.519
N2547,0.519,0.409,0.656
N2548,0.85,0.538,0.41
N2549,0.504,0.671,0.534
N2550,0.122,0.664,0.436
N2551,0.445,0.709,0.58
N2552,0.395,0.378,0.71
N2553,0.541,0.627,0.239
N2554,0.845,0.593,0.623
N2555,0.601,0.649,0.288
N2556,0.681,0.333,0.603
N2557,0.657,0.849,0.399
N2558,0.435,0.727,0.669
N2559,0.825,0.478,0.708
N2560,0.201,0.956,0.582
N2561,0.648,0.474,0.378
N2562,0.332,0.228,0.51
N2563,0.641,0.547,0.465
N2564,0.597,0.407,0.631
N2565,0.46,0.675,0.406
N2566,0.581,0.713,0.507
N2567,0.797,0.392,0.729
N2568,0.204,0.464,0.506
N2569,0.72,0.414,0.568
N2570,0.435,0.713,0.619
N2571,0.596,0.396,0.334
N2572,0.416,0.887,0.883
N2573,0.236,0.536,0.384
N2574,0.689,0.531,0.544
N2575,0.264,0.482,0.828
N2576,0.416,0.681,0.416
N2577,0.443,0.757,0.234
N2578,0.584,0.471,0.619
N2579,0.512,0.746,0.633
N2580,0.686,0.517,0.509
N2581,0.115,0.328,0.384
N2582,0.831,0.355,0.687
N2583,0.258,0.706,0.636
N2584,0.386,0.688,0.49
N2585,0.5,0.98,0.493
N2586,0.759,0.584,0.552
N2587,0.828,0.483,0.537
N2588,0.416,0.65,0.755
N2589,0.677,0.388,0.656
N2590,0.563,0.98,0.179
N2591,0.723,0.536,0.329
N2592,0.786,0.773,0.57
N2593,0.43,0.451,0.445
N2594,0.667,0.484,0.833
N2595,0.728,0.405,0.563
N2596,0.347,0.705,0.223
N2597,0.451,0.539,0.597
N2598,0.134,0.807,0.541
N2599,0.634,0.63,0.616
N2600,0.646,0.577,0.57
N2601,0.547,0.639,0.659
N2602,0.171,0.585,0.535
N2603,0.294,0.732,0.539
N2604,0.8,0.346,0.581
N2605,0.353,0.486,0.498
N2606,0.73,0.568,0.266
N2607,0.98,0.434,0.676
N2608,0.046,0.55,0.246
N2609,0.339,0.718,0.592
N2610,0.676,0.311,0.322
N2611,0.446,0.544,0.371
N2612,0.743,0.425,0.724
N2613,0.418,0.639,0.414
N2614,0.256,0.845,0.249
N2615,0.434,0.684,0.339
N2616,0.53,0.558,0.41
N2617,0.543,0.534,0.538
N2618,0.428,0.28,0.67
N2619,0.398,0.815,0.366
N2620,0.534,0.417,0.701
N2621,0.312,0.563,0.156
N2622,0.4,0.98,0.456
N2623,0.67,0.619,0.402
N2624,0.098,0.747,0.407
N2625,0.36,0.886,0.245
N2626,0.98,0.358,0.668
N2627,0.536,0.736,0.485
N2628,0.667,0.358,0.652
N2629,0.786,0.475,0.744
N2630,0.549,0.362,0.491
N2631,0.522,0.766,0.559
N2632,0.441,0.743,0.512
N2633,0.414,0.589,0.412
N2634,0.713,0.441,0.603
N2635,0.961,0.712,0.549
N2636,0.595,0.373,0.552
N2637,0.538,0.51,0.544
N2638,0.335,0.886,0.322
N2639,0.381,0.569,0.504
N2640,0.519,0.307,0.43
N2641,0.461,0.773,0.448
N2642,0.458,0.406,0.709
N2643,0.401,0.565,0.449
N2644,0.228,0.743,0.563
N2645,0.622,0.413,0.474
N2646,0.735,0.803,0.434
N2647,0.66,0.711,0.587
N2648,0.675,0.556,0.721
N2649,0.301,0.781,0.12
N2650,0.938,0.455,0.635
N2651,0.374,0.657,0.512
N2652,0.58,0.237,0.481
N2653,0.02,0.97,0.02
N2654,0.768,0.554,0.5
N2655,0.296,0.598,0.272
N2656,0.48,0.644,0.435
N2657,0.789,0.437,0.653
N2658,0.448,0.563,0.579
N2659,0.365,0.787,0.382
N2660,0.722,0.526,0.665
N2661,0.617,0.645,0.344
N2662,0.568,0.344,0.753
N2663,0.404,0.785,0.561
N2664,0.605,0.384,0.484
N2665,0.73,0.385,0.585
N2666,0.493,0.772,0.431
N2667,0.417,0.446,0.54
N2668,0.597,0.88,0.376
N2669,0.732,0.514,0.527
N2670,0.526,0.605,0.506
N2671,0.424,0.747,0.489
N2672,0.71,0.514,0.545
N2673,0.349,0.688,0.595
N2674,0.736,0.491,0.72
N2675,0.385,0.392,0.493
N2676,0.818,0.341,0.317
N2677,0.334,0.822,0.292
N2678,0.53,0.476,0.493
N2679,0.724,0.322,0.568
N2680,0.888,0.786,0.635
N2681,0.478,0.518,0.459
N2682,0.428,0.501,0.752
N2683,0.451,0.489,0.58
N2684,0.2,0.637,0.397
N2685,0.446,0.436,0.556
N2686,0.658,0.624,0.682
N2687,0.436,0.761,0.587
N2688,0.713,0.04,0.595
N2689,0.39,0.69,0.302
N2690,0.412,0.667,0.545
N2691,0.45,0.334,0.133
N2692,0.137,0.941,0.268
N2693,0.404,0.346,0.523
N2694,0.444,0.549,0.434
N2695,0.881,0.41,0.801
N2696,0.47,0.55,0.434
N2697,0.536,0.767,0.433
N2698,0.808,0.412,0.5
N2699,0.394,0.709,0.465
N2700,0.45,0.906,0.358
N2701,0.901,0.688,0.394
N2702,0.423,0.596,0.307
N2703,0.544,0.789,0.515
N2704,0.686,0.686,0.556
N2705,0.861,0.484,0.725
N2706,0.02,0.832,0.321
N2707,0.298,0.918,0.34
N2708,0.542,0.954,0.386
N2709,0.408,0.545,0.667
N2710,0.873,0.245,0.885
N2711,0.447,0.671,0.693
N2712,0.782,0.273,0.35
N2713,0.547,0.541,0.36
N2714,0.283,0.805,0.488
N2715,0.316,0.674,0.301
N2716,0.55,0.695,0.476
N2717,0.506,0.438,0.47
N2718,0.542,0.763,0.532
N2719,0.199,0.667,0.578
N2720,0.357,0.528,0.379
N2721,0.487,0.494,0.36
N2722,0.77,0.382,0.61
N2723,0.71,0.808,0.626
N2724,0.47,0.454,0.548
N2725,0.851,0.78,0.416
N2726,0.523,0.604,0.711
N2727,0.548,0.866,0.408
N2728,0.271,0.98,0.358
N2729,0.658,0.534,0.704
N2730,0.311,0.678,0.499
N2731,0.403,0.687,0.508
N2732,0.715,0.49,0.29
N2733,0.391,0.618,0.462
N2734,0.397,0.798,0.386
N2735,0.535,0.426,0.449
N2736,0.414,0.591,0.458
N2737,0.556,0.717,0.514
N2738,0.776,0.505,0.721
N2739,0.563,0.636,0.371
N2740,0.418,0.65,0.474
N2741,0.5,0.269,0.746
N2742,0.471,0.592,0.234
N2743,0.471,0.577,0.414
N2744,0.26,0.728,0.424
N2745,0.385,0.98,0.247
N2746,0.565,0.617,0.479
N2747,0.269,0.764,0.321
N2748,0.616,0.588,0.471
N2749,0.87,0.52,0.507
N2750,0.528,0.486,0.504
N2751,0.98,0.253,0.588
N2752,0.683,0.358,0.481
N2753,0.765,0.478,0.319
N2754,0.639,0.572,0.457
N2755,0.885,0.407,0.793
N2756,0.663,0.957,0.479
N2757,0.636,0.902,0.325
N2758,0.911,0.161,0.621
N2759,0.549,0.309,0.98
N2760,0.921,0.702,0.448
N2761,0.98,0.451,0.827
N2762,0.862,0.326,0.547
N2763,0.28,0.832,0.443
N2764,0.539,0.541,0.84
N2765,0.372,0.665,0.441
N2766,0.519,0.583,0.62
N2767,0.779,0.679,0.623
N2768,0.692,0.347,0.333
N2769,0.415,0.625,0.398
N2770,0.374,0.602,0.471
N2771,0.501,0.556,0.502
N2772,0.362,0.836,0.27
N2773,0.445,0.659,0.638
N2774,0.25,0.631,0.562
N2775,0.283,0.917,0.093
N2776,0.611,0.701,0.452
N2777,0.545,0.705,0.714
N2778,0.817,0.403,0.654
N2779,0.511,0.577,0.599
N2780,0.735,0.647,0.47
N2781,0.305,0.737,0.573
N2782,0.107,0.937,0.182
N2783,0.657,0.602,0.58
N2784,0.236,0.807,0.493
N2785,0.758,0.489,0.556
N2786,0.483,0.451,0.547
N2787,0.166,0.323,0.48
N2788,0.243,0.728,0.639
N2789,0.464,0.681,0.373
N2790,0.13,0.98,0.033
N2791,0.568,0.435,0.584
N2792,0.385,0.771,0.605
N2793,0.954,0.069,0.932
N2794,0.728,0.46,0.481
N2795,0.519,0.79,0.497
N2796,0.59,0.27,0.458
N2797,0.941,0.462,0.584
N2798,0.689,0.324,0.464
N2799,0.178,0.427,0.703
N2800,0.399,0.761,0.696
N2801,0.98,0.351,0.77
N2802,0.376,0.787,0.592
N2803,0.342,0.465,0.526
N2804,0.918,0.286,0.76
N2805,0.61,0.576,0.498
N2806,0.564,0.591,0.314
N2807,0.52,0.607,0.577
N2808,0.662,0.601,0.678
N2809,0.461,0.461,0.623
N2810,0.544,0.534,0.227
N2811,0.652,0.352,0.653
N2812,0.02,0.822,0.36
N2813,0.217,0.746,0.356
N2814,0.43,0.486,0.692
N2815,0.392,0.797,0.605
N2816,0.737,0.164,0.769
N2817,0.318,0.635,0.392
N2818,0.263,0.635,0.477
N2819,0.598,0.51,0.487
N2820,0.63,0.726,0.393
N2821,0.374,0.413,0.54
N2822,0.708,0.448,0.41
N2823,0.084,0.798,0.98
N2824,0.408,0.689,0.461
N2825,0.521,0.622,0.579
N2826,0.661,0.484,0.405
N2827,0.275,0.687,0.189
N2828,0.787,0.503,0.55
N2829,0.34,0.782,0.563
N2830,0.11,0.873,0.149
N2831,0.393,0.751,0.579
N2832,0.449,0.355,0.254
N2833,0.24,0.232,0.3
N2834,0.398,0.746,0.348
N2835,0.311,0.697,0.153
N2836,0.357,0.845,0.278
N2837,0.534,0.716,0.714
N2838,0.573,0.355,0.757
N2839,0.7,0.242,0.715
N2840,0.483,0.408,0.773
N2841,0.525,0.666,0.331
N2842,0.696,0.895,0.41
N2843,0.624,0.544,0.57
N2844,0.694,0.325,0.671
N2845,0.506,0.497,0.651
N2846,0.821,0.489,0.665
N2847,0.5,0.587,0.465
N2848,0.294,0.618,0.328
N2849,0.02,0.858,0.51
N2850,0.819,0.582,0.71
N2851,0.675,0.547,0.648
N2852,0.801,0.481,0.767
N2853,0.217,0.67,0.079
N2854,0.343,0.763,0.508
N2855,0.457,0.309,0.467
N2856,0.78,0.366,0.487
N2857,0.025,0.95,0.309
N2858,0.681,0.385,0.703
N2859,0.502,0.807,0.245
N2860,0.219,0.769,0.35
N2861,0.293,0.567,0.558
N2862,0.241,0.847,0.302
N2863,0.316,0.803,0.067
N2864,0.314,0.831,0.303
N2865,0.461,0.715,0.399
N2866,0.63,0.444,0.552
N2867,0.47,0.65,0.462
N2868,0.28,0.684,0.517
N2869,0.02,0.831,0.266
N2870,0.884,0.517,0.422
N2871,0.561,0.638,0.447
N2872,0.314,0.784,0.493
N2873,0.827,0.332,0.363
N2874,0.555,0.468,0.591
N2875,0.117,0.434,0.351
N2876,0.311,0.373,0.601
N2877,0.678,0.721,0.616
N2878,0.548,0.438,0.667
N2879,0.233,0.508,0.474
N2880,0.321,0.661,0.896
N2881,0.843,0.626,0.88
N2882,0.337,0.9,0.44
N2883,0.542,0.611,0.578
N2884,0.419,0.84,0.195
N2885,0.02,0.823,0.367
N2886,0.528,0.528,0.636
N2887,0.527,0.529,0.563
N2888,0.639,0.713,0.443
N2889,0.429,0.273,0.436
N2890,0.603,0.253,0.637
N2891,0.437,0.478,0.62
N2892,0.201,0.893,0.289
N2893,0.466,0.187,0.98
N2894,0.872,0.26,0.519
N2895,0.956,0.452,0.481
N2896,0.471,0.867,0.076
N2897,0.918,0.371,0.799
N2898,0.669,0.568,0.479
N2899,0.477,0.649,0.701
N2900,0.276,0.45,0.528
N2901,0.646,0.462,0.646
N2902,0.673,0.478,0.506
N2903,0.802,0.668,0.578
N2904,0.449,0.514,0.305
N2905,0.365,0.697,0.58
N2906,0.705,0.68,0.552
N2907,0.819,0.44,0.623
N2908,0.02,0.775,0.157
N2909,0.731,0.443,0.608
N2910,0.328,0.582,0.372
N2911,0.654,0.291,0.518
N2912,0.437,0.607,0.331
N2913,0.713,0.675,0.439
N2914,0.607,0.324,0.527
N2915,0.577,0.809,0.591
N2916,0.463,0.66,0.468
N2917,0.498,0.631,0.208
N2918,0.562,0.507,0.531
N2919,0.98,0.238,0.685
N2920,0.796,0.515,0.673
N2921,0.428,0.168,0.581
N2922,0.597,0.259,0.742
N2923,0.625,0.448,0.669
N2924,0.478,0.793,0.716
N2925,0.392,0.664,0.568
N2926,0.82,0.239,0.671
N2927,0.738,0.377,0.595
N2928,0.532,0.134,0.542
N2929,0.54,0.105,0.353
N2930,0.98,0.291,0.98
N2931,0.481,0.736,0.384
N2932,0.358,0.51,0.307
N2933,0.262,0.522,0.326
N2934,0.888,0.225,0.504
N2935,0.622,0.257,0.599
N2936,0.606,0.83,0.44
N2937,0.502,0.674,0.342
N2938,0.95,0.328,0.847
N2939,0.747,0.281,0.571
N2940,0.484,0.627,0.562
N2941,0.731,0.45,0.621
N2942,0.445,0.353,0.469
N2943,0.686,0.611,0.505
N2944,0.649,0.589,0.619
N2945,0.5,0.495,0.458
N2946,0.404,0.638,0.449
N2947,0.98,0.642,0.548
N2948,0.048,0.752,0.249
N2949,0.242,0.685,0.234
N2950,0.823,0.709,0.712
N2951,0.276,0.67,0.506
N2952,0.197,0.5,0.278
N2953,0.608,0.502,0.269
N2954,0.061,0.83,0.126
N2955,0.541,0.602,0.501
N2956,0.399,0.553,0.517
N2957,0.736,0.577,0.558
N2958,0.543,0.574,0.582
N2959,0.555,0.377,0.534
N2960,0.279,0.938,0.428
N2961,0.673,0.586,0.651
N2962,0.463,0.763,0.416
N2963,0.58,0.101,0.812
N2964,0.33,0.547,0.507
N2965,0.369,0.763,0.305
N2966,0.491,0.674,0.419
N2967,0.55,0.735,0.39
N2968,0.396,0.864,0.315
N2969,0.546,0.696,0.233
N2970,0.406,0.681,0.265
N2971,0.644,0.5,0.846
N2972,0.238,0.486,0.512
N2973,0.508,0.603,0.616
N2974,0.648,0.532,0.406
N2975,0.436,0.214,0.536
N2976,0.103,0.868,0.106
N2977,0.302,0.532,0.677
N2978,0.083,0.667,0.297
N2979,0.761,0.313,0.571
N2980,0.681,0.09,0.674
N2981,0.842,0.426,0.682
N2982,0.776,0.613,0.71
N2983,0.741,0.578,0.149
N2984,0.605,0.576,0.66
N2985,0.203,0.688,0.401
N2986,0.756,0.492,0.42
N2987,0.455,0.339,0.611
N2988,0.333,0.356,0.515
N2989,0.379,0.94,0.445
N2990,0.439,0.629,0.19
N2991,0.408,0.619,0.549
N2992,0.179,0.96,0.2
N2993,0.381,0.815,0.232
N2994,0.326,0.625,0.229
N2995,0.611,0.854,0.478
N2996,0.267,0.429,0.47
N2997,0.791,0.256,0.733
N2998,0.489,0.953,0.371
N2999,0.323,0.638,0.489
N3000,0.787,0.145,0.89
N3001,0.832,0.332,0.567
N3002,0.478,0.394,0.475
N3003,0.585,0.658,0.489
N3004,0.604,0.562,0.527
N3005,0.84,0.393,0.452
N3006,0.372,0.717,0.243
N3007,0.236,0.81,0.52
N3008,0.635,0.599,0.44
N3009,0.52,0.593,0.884
N3010,0.556,0.441,0.384
N3011,0.441,0.616,0.439
N3012,0.662,0.736,0.45
N3013,0.02,0.831,0.412
N3014,0.28,0.843,0.388
N3015,0.578,0.542,0.551
N3016,0.647,0.59,0.578
N3017,0.603,0.563,0.609
N3018,0.213,0.778,0.145
N3019,0.327,0.245,0.627
N3020,0.624,0.408,0.446
N3021,0.546,0.522,0.535
N3022,0.732,0.49,0.567
N3023,0.193,0.98,0.182
N3024,0.02,0.612,0.633
N3025,0.658,0.692,0.317
N3026,0.705,0.62,0.703
N3027,0.54,0.652,0.222
N3028,0.227,0.422,0.351
N3029,0.536,0.506,0.351
N3030,0.221,0.744,0.02
N3031,0.286,0.322,0.481
N3032,0.369,0.513,0.46
N3033,0.703,0.815,0.394
N3034,0.411,0.602,0.53
N3035,0.521,0.864,0.385
N3036,0.463,0.296,0.571
N3037,0.497,0.449,0.533
N3038,0.605,0.581,0.411
N3039,0.264,0.98,0.24
N3040,0.706,0.402,0.715
N3041,0.646,0.567,0.594
N3042,0.705,0.527,0.537
N3043,0.801,0.475,0.579
N3044,0.1,0.726,0.378
N3045,0.332,0.326,0.615
N3046,0.232,0.604,0.223
N3047,0.98,0.41,0.883
N3048,0.905,0.98,0.311
N3049,0.224,0.64,0.546
N3050,0.237,0.674,0.483
N3051,0.92,0.487,0.624
N3052,0.346,0.672,0.511
N3053,0.22,0.743,0.375
N3054,0.56,0.61,0.298
N3055,0.598,0.59,0.358
N3056,0.434,0.627,0.513
N3057,0.98,0.389,0.782
N3058,0.723,0.453,0.472
N3059,0.374,0.98,0.249
N3060,0.892,0.525,0.414
N3061,0.436,0.884,0.416
N3062,0.159,0.468,0.44
N3063,0.656,0.192,0.681
N3064,0.806,0.941,0.565
N3065,0.586,0.245,0.68
N3066,0.574,0.423,0.49
N3067,0.458,0.908,0.268
N3068,0.624,0.41,0.603
N3069,0.591,0.98,0.2
N3070,0.477,0.361,0.836
N3071,0.529,0.116,0.518
N3072,0.02,0.913,0.205
N3073,0.761,0.449,0.673
N3074,0.131,0.711,0.363
N3075,0.606,0.634,0.409
N3076,0.846,0.258,0.461
N3077,0.922,0.476,0.793
N3078,0.814,0.621,0.555
N3079,0.812,0.136,0.98
N3080,0.771,0.356,0.546
N3081,0.261,0.962,0.751
N3082,0.98,0.229,0.98
N3083,0.587,0.307,0.585
N3084,0.527,0.238,0.65
N3085,0.466,0.798,0.594
N3086,0.736,0.55,0.559
N3087,0.394,0.53,0.509
N3088,0.281,0.8,0.406
N3089,0.765,0.558,0.708
N3090,0.694,0.433,0.521
N3091,0.323,0.625,0.473
N3092,0.552,0.365,0.499
N3093,0.499,0.681,0.381
N3094,0.139,0.896,0.103
N3095,0.282,0.842,0.268
N3096,0.592,0.526,0.63
N3097,0.548,0.641,0.334
N3098,0.98,0.02,0.676
N3099,0.513,0.464,0.67
N3100,0.344,0.891,0.424
N3101,0.317,0.875,0.47
N3102,0.404,0.81,0.591
N3103,0.299,0.857,0.506
N3104,0.391,0.315,0.482
N3105,0.436,0.6,0.403
N3106,0.762,0.307,0.791
N3107,0.715,0.201,0.751
N3108,0.624,0.576,0.568
N3109,0.526,0.575,0.585
N3110,0.407,0.453,0.562
N3111,0.551,0.578,0.496
N3112,0.335,0.735,0.529
N3113,0.397,0.966,0.377
N3114,0.63,0.649,0.636
N3115,0.509,0.39,0.598
N3116,0.541,0.738,0.451
N3117,0.897,0.572,0.541
N3118,0.448,0.407,0.362
N3119,0.572,0.272,0.729
N3120,0.724,0.926,0.666
N3121,0.332,0.848,0.439
N3122,0.308,0.734,0.375
N3123,0.48,0.48,0.446
N3124,0.797,0.331,0.631
N3125,0.342,0.846,0.547
N3126,0.02,0.98,0.115
N3127,0.491,0.496,0.368
N3128,0.636,0.537,0.149
N3129,0.436,0.706,0.448
N3130,0.711,0.312,0.515
N3131,0.503,0.719,0.396
N3132,0.67,0.155,0.494
N3133,0.684,0.51,0.502
N3134,0.98,0.474,0.685
N3135,0.393,0.691,0.404
N3136,0.976,0.698,0.421
N3137,0.718,0.76,0.452
N3138,0.601,0.685,0.329
N3139,0.301,0.522,0.403
N3140,0.735,0.355,0.561
N3141,0.13,0.511,0.627
N3142,0.59,0.356,0.692
N3143,0.327,0.473,0.393
N3144,0.481,0.058,0.98
N3145,0.395,0.646,0.575
N3146,0.311,0.657,0.323
N3147,0.773,0.373,0.654
N3148,0.698,0.637,0.656
N3149,0.769,0.528,0.53
N3150,0.423,0.729,0.46
N3151,0.238,0.668,0.755
N3152,0.333,0.57,0.479
N3153,0.796,0.682,0.395
N3154,0.302,0.739,0.273
N3155,0.513,0.627,0.443
N3156,0.5,0.375,0.412
N3157,0.974,0.19,0.712
N3158,0.538,0.549,0.605
N3159,0.346,0.59,0.438
N3160,0.249,0.458,0.569
N3161,0.865,0.533,0.544
N3162,0.653,0.547,0.711
N3163,0.487,0.806,0.238
N3164,0.524,0.578,0.873
N3165,0.363,0.792,0.267
N3166,0.602,0.616,0.396
N3167,0.168,0.717,0.131
N3168,0.823,0.529,0.667
N3169,0.673,0.526,0.483
N3170,0.344,0.809,0.367
N3171,0.343,0.526,0.481
N3172,0.621,0.759,0.44
N3173,0.356,0.631,0.71
N3174,0.096,0.741,0.266
N3175,0.56,0.869,0.248
N3176,0.02,0.808,0.271
N3177,0.545,0.682,0.616
N3178,0.542,0.341,0.743
N3179,0.121,0.535,0.307
N3180,0.362,0.692,0.35
N3181,0.81,0.723,0.637
N3182,0.414,0.683,0.405
N3183,0.221,0.872,0.219
N3184,0.378,0.853,0.339
N3185,0.769,0.64,0.615
N3186,0.613,0.663,0.442
N3187,0.594,0.65,0.324
N3188,0.439,0.706,0.474
N3189,0.832,0.65,0.051
N3190,0.502,0.709,0.223
N3191,0.387,0.651,0.564
N3192,0.274,0.841,0.222
N3193,0.463,0.604,0.39
N3194,0.436,0.823,0.293
N3195,0.689,0.735,0.395
N3196,0.373,0.618,0.197
N3197,0.669,0.712,0.425
N3198,0.397,0.572,0.379
N3199,0.327,0.89,0.566
N3200,0.449,0.684,0.419
N3201,0.822,0.495,0.775
N3202,0.425,0.749,0.259
N3203,0.426,0.803,0.339
N3204,0.503,0.674,0.681
N3205,0.312,0.368,0.522
N3206,0.877,0.186,0.56
N3207,0.543,0.542,0.658
N3208,0.258,0.954,0.404
N3209,0.654,0.725,0.705
N3210,0.445,0.393,0.883
N3211,0.278,0.437,0.46
N3212,0.69,0.02,0.508
N3213,0.809,0.441,0.813
N3214,0.741,0.368,0.544
N3215,0.98,0.02,0.98
N3216,0.647,0.302,0.519
N3217,0.354,0.8,0.24
N3218,0.725,0.389,0.625
N3219,0.676,0.617,0.444
N3220,0.513,0.753,0.308
N3221,0.484,0.601,0.708
N3222,0.587,0.438,0.537
N3223,0.875,0.255,0.686
N3224,0.304,0.297,0.683
N3225,0.609,0.883,0.238
N3226,0.614,0.949,0.231
N3227,0.523,0.498,0.321
N3228,0.301,0.772,0.418
N3229,0.597,0.674,0.377
N3230,0.584,0.41,0.511
N3231,0.169,0.969,0.27
N3232,0.261,0.98,0.194
N3233,0.3,0.98,0.267
N3234,0.67,0.289,0.563
N3235,0.605,0.6,0.491
N3236,0.816,0.373,0.54
N3237,0.076,0.789,0.53
N3238,0.43,0.337,0.495
N3239,0.496,0.55,0.417
N3240,0.828,0.353,0.308
N3241,0.376,0.661,0.411
N3242,0.548,0.181,0.541
N3243,0.407,0.671,0.246
N3244,0.674,0.465,0.752
N3245,0.407,0.477,0.486
N3246,0.364,0.953,0.564
N3247,0.595,0.302,0.585
N3248,0.313,0.626,0.316
N3249,0.093,0.579,0.389
N3250,0.93,0.242,0.693
N3251,0.561,0.764,0.209
N3252,0.372,0.436,0.525
N3253,0.556,0.541,0.315
N3254,0.748,0.43,0.678
N3255,0.553,0.764,0.455
N3256,0.335,0.902,0.396
N3257,0.439,0.964,0.522
N3258,0.895,0.358,0.752
N3259,0.537,0.648,0.355
N3260,0.338,0.563,0.473
N3261,0.191,0.814,0.342
N3262,0.752,0.208,0.749
N3263,0.078,0.875,0.351
N3264,0.757,0.723,0.593
N3265,0.232,0.47,0.575
N3266,0.602,0.303,0.543
N3267,0.518,0.57,0.515
N3268,0.426,0.656,0.24
N3269,0.373,0.301,0.636
N3270,0.493,0.594,0.586
N3271,0.734,0.02,0.697
N3272,0.648,0.544,0.618
N3273,0.737,0.349,0.546
N3274,0.086,0.755,0.477
N3275,0.38,0.438,0.691
N3276,0.729,0.116,0.831
N3277,0.395,0.509,0.335
N3278,0.185,0.761,0.232
N3279,0.085,0.891,0.115
N3280,0.02,0.98,0.324
N3281,0.502,0.59,0.501
N3282,0.613,0.662,0.347
N3283,0.625,0.536,0.634
N3284,0.741,0.635,0.695
N3285,0.377,0.795,0.336
N3286,0.785,0.496,0.322
N3287,0.46,0.504,0.433
N3288,0.525,0.674,0.397
N3289,0.533,0.644,0.432
N3290,0.479,0.436,0.426
N3291,0.98,0.573,0.507
N3292,0.786,0.429,0.63
N3293,0.77,0.055,0.65
N3294,0.549,0.911,0.367
N3295,0.256,0.678,0.549
N3296,0.524,0.586,0.288
N3297,0.11,0.685,0.498
N3298,0.382,0.585,0.394
N3299,0.325,0.344,0.716
N3300,0.299,0.885,0.198
N3301,0.648,0.621,0.37
N3302,0.506,0.232,0.49
N3303,0.716,0.567,0.541
N3304,0.473,0.408,0.57
N3305,0.399,0.739,0.421
N3306,0.363,0.587,0.717
N3307,0.676,0.347,0.752
N3308,0.419,0.762,0.482
N3309,0.557,0.743,0.286
N3310,0.378,0.694,0.435
N3311,0.953,0.693,0.585
N3312,0.573,0.703,0.777
N3313,0.751,0.18,0.458
N3314,0.517,0.717,0.593
N3315,0.665,0.615,0.355
N3316,0.262,0.452,0.52
N3317,0.02,0.49,0.389
N3318,0.484,0.618,0.484
N3319,0.691,0.412,0.545
N3320,0.719,0.324,0.86
N3321,0.02,0.584,0.333
N3322,0.663,0.704,0.76
N3323,0.687,0.513,0.673
N3324,0.23,0.789,0.27
N3325,0.059,0.864,0.184
N3326,0.561,0.507,0.561
N3327,0.747,0.172,0.97
N3328,0.565,0.427,0.622
N3329,0.515,0.836,0.394
N3330,0.383,0.755,0.242
N3331,0.45,0.798,0.451
N3332,0.338,0.802,0.168
N3333,0.592,0.477,0.285
N3334,0.619,0.574,0.636
N3335,0.255,0.774,0.373
N3336,0.135,0.675,0.43
N3337,0.747,0.236,0.569
N3338,0.376,0.365,0.243
N3339,0.61,0.597,0.602
N3340,0.723,0.605,0.517
N3341,0.924,0.196,0.599
N3342,0.707,0.609,0.619
N3343,0.621,0.49,0.56
N3344,0.107,0.761,0.452
N3345,0.244,0.121,0.479
N3346,0.551,0.67,0.421
N3347,0.541,0.634,0.508
N3348,0.921,0.323,0.805
N3349,0.472,0.886,0.474
N3350,0.466,0.189,0.781
N3351,0.735,0.65,0.306
N3352,0.761,0.031,0.828
N3353,0.851,0.315,0.695
N3354,0.607,0.512,0.33
N3355,0.323,0.724,0.286
N3356,0.802,0.329,0.459
N3357,0.671,0.533,0.794
N3358,0.617,0.376,0.455
N3359,0.731,0.452,0.505
N3360,0.585,0.653,0.521
N3361,0.767,0.743,0.619
N3362,0.617,0.805,0.309
N3363,0.595,0.682,0.446
N3364,0.667,0.596,0.685
N3365,0.414,0.98,0.037
N3366,0.641,0.551,0.436
N3367,0.946,0.668,0.701
N3368,0.634,0.326,0.627
N3369,0.541,0.567,0.484
N3370,0.213,0.485,0.502
N3371,0.573,0.443,0.401
N3372,0.614,0.639,0.609
N3373,0.322,0.568,0.332
N3374,0.656,0.335,0.495
N3375,0.671,0.366,0.61
N3376,0.759,0.443,0.559
N3377,0.556,0.344,0.269
N3378,0.838,0.379,0.944
N3379,0.267,0.541,0.471
N3380,0.355,0.681,0.31
N3381,0.48,0.756,0.519
N3382,0.788,0.428,0.757
N3383,0.549,0.769,0.371
N3384,0.931,0.481,0.561
N3385,0.699,0.364,0.532
N3386,0.513,0.645,0.685
N3387,0.565,0.55,0.835
N3388,0.26,0.458,0.571
N3389,0.559,0.314,0.791
N3390,0.638,0.537,0.616
N3391,0.084,0.71,0.02
N3392,0.98,0.741,0.213
N3393,0.25,0.793,0.616
N3394,0.624,0.637,0.193
N3395,0.334,0.814,0.508
N3396,0.64,0.67,0.274
N3397,0.216,0.763,0.295
N3398,0.288,0.879,0.17
N3399,0.596,0.45,0.495
N3400,0.313,0.532,0.328
N3401,0.653,0.256,0.587
N3402,0.527,0.533,0.494
N3403,0.423,0.483,0.657
N3404,0.484,0.431,0.49
N3405,0.283,0.549,0.549
N3406,0.414,0.709,0.334
N3407,0.137,0.605,0.287
N3408,0.468,0.98,0.344
N3409,0.248,0.785,0.315
N3410,0.502,0.194,0.524
N3411,0.457,0.52,0.392
N3412,0.454,0.791,0.3
N3413,0.315,0.716,0.281
N3414,0.242,0.758,0.44
N3415,0.19,0.593,0.357
N3416,0.665,0.691,0.56
N3417,0.258,0.955,0.562
N3418,0.634,0.167,0.53
N3419,0.815,0.431,0.717
N3420,0.323,0.52,0.504
N3421,0.566,0.345,0.465
N3422,0.343,0.559,0.569
N3423,0.703,0.854,0.552
N3424,0.5,0.55,0.526
N3425,0.798,0.56,0.555
N3426,0.339,0.215,0.411
N3427,0.555,0.296,0.537
N3428,0.455,0.673,0.387
N3429,0.5,0.791,0.482
N3430,0.491,0.716,0.271
N3431,0.737,0.468,0.524
N3432,0.432,0.346,0.444
N3433,0.463,0.493,0.476
N3434,0.391,0.93,0.115
N3435,0.759,0.483,0.711
N3436,0.501,0.483,0.634
N3437,0.341,0.704,0.467
N3438,0.044,0.98,0.293
N3439,0.671,0.22,0.572
N3440,0.316,0.298,0.392
N3441,0.668,0.342,0.516
N3442,0.266,0.834,0.252
N3443,0.332,0.624,0.282
N3444,0.234,0.826,0.433
N3445,0.292,0.648,0.434
N3446,0.66,0.566,0.676
N3447,0.491,0.443,0.336
N3448,0.176,0.687,0.35
N3449,0.599,0.912,0.64
N3450,0.527,0.468,0.42
N3451,0.61,0.401,0.658
N3452,0.231,0.518,0.173
N3453,0.02,0.83,0.309
N3454,0.471,0.606,0.414
N3455,0.538,0.69,0.514
N3456,0.587,0.652,0.897
N3457,0.217,0.628,0.368
N3458,0.701,0.807,0.739
N3459,0.74,0.651,0.569
N3460,0.57,0.975,0.461
N3461,0.329,0.465,0.668
N3462,0.41,0.583,0.355
N3463,0.415,0.774,0.261
N3464,0.674,0.308,0.642
N3465,0.543,0.494,0.329
N3466,0.603,0.433,0.825
N3467,0.569,0.703,0.345
N3468,0.486,0.758,0.259
N3469,0.328,0.836,0.231
N3470,0.416,0.887,0.427
N3471,0.364,0.683,0.407
N3472,0.632,0.574,0.273
N3473,0.719,0.75,0.349
N3474,0.539,0.98,0.43
N3475,0.601,0.51,0.718
N3476,0.526,0.905,0.265
N3477,0.966,0.505,0.36
N3478,0.444,0.59,0.504
N3479,0.544,0.313,0.888
N3480,0.491,0.98,0.694
N3481,0.98,0.124,0.98
N3482,0.869,0.602,0.729
N3483,0.613,0.538,0.503
N3484,0.513,0.315,0.452
N3485,0.658,0.407,0.618
N3486,0.671,0.812,0.314
N3487,0.504,0.549,0.37
N3488,0.02,0.691,0.428
N3489,0.629,0.294,0.672
N3490,0.071,0.522,0.621
N3491,0.361,0.46,0.816
N3492,0.206,0.864,0.203
N3493,0.762,0.295,0.813
N3494,0.775,0.521,0.417
N3495,0.672,0.587,0.428
N3496,0.626,0.766,0.301
N3497,0.511,0.421,0.638
N3498,0.224,0.525,0.514
N3499,0.711,0.54,0.553
N3500,0.63,0.746,0.265
N3501,0.447,0.615,0.613
N3502,0.426,0.491,0.525
N3503,0.06,0.955,0.083
N3504,0.455,0.538,0.715
N3505,0.064,0.597,0.336
N3506,0.666,0.71,0.69
N3507,0.615,0.061,0.49
N3508,0.718,0.158,0.739
N3509,0.638,0.347,0.538
N3510,0.802,0.626,0.609
N3511,0.758,0.375,0.856
N3512,0.855,0.415,0.642
N3513,0.062,0.82,0.288
N3514,0.568,0.776,0.447
N3515,0.639,0.785,0.557
N3516,0.325,0.59,0.26
N3517,0.841,0.661,0.53
N3518,0.423,0.706,0.413
N3519,0.674,0.406,0.65
N3520,0.343,0.98,0.295
N3521,0.493,0.669,0.745
N3522,0.965,0.387,0.652
N3523,0.421,0.513,0.287
N3524,0.572,0.677,0.55
N3525,0.256,0.69,0.203
N3526,0.665,0.367,0.556
N3527,0.271,0.619,0.248
N3528,0.425,0.446,0.601
N3529,0.413,0.747,0.412
N3530,0.687,0.559,0.61
N3531,0.315,0.661,0.463
N3532,0.969,0.382,0.675
N3533,0.576,0.619,0.806
N3534,0.396,0.917,0.356
N3535,0.118,0.69,0.524
N3536,0.261,0.98,0.346
N3537,0.62,0.59,0.548
N3538,0.376,0.448,0.502
N3539,0.4,0.332,0.561
N3540,0.554,0.32,0.748
N3541,0.674,0.616,0.625
N3542,0.577,0.462,0.599
N3543,0.393,0.524,0.485
N3544,0.729,0.531,0.612
N3545,0.941,0.337,0.624
N3546,0.762,0.58,0.558
N3547,0.598,0.609,0.438
N3548,0.623,0.497,0.751
N3549,0.809,0.455,0.427
N3550,0.725,0.538,0.409
N3551,0.443,0.588,0.546
N3552,0.603,0.433,0.714
N3553,0.43,0.73,0.49
N3554,0.578,0.448,0.688
N3555,0.276,0.472,0.422
N3556,0.37,0.744,0.317
N3557,0.495,0.529,0.554
N3558,0.575,0.371,0.844
N3559,0.556,0.502,0.564
N3560,0.358,0.583,0.524
N3561,0.457,0.577,0.327
N3562,0.557,0.699,0.673
N3563,0.35,0.558,0.4
N3564,0.423,0.497,0.345
N3565,0.543,0.58,0.552
N3566,0.529,0.413,0.442
N3567,0.142,0.589,0.108
N3568,0.192,0.517,0.439
N3569,0.616,0.546,0.431
N3570,0.944,0.598,0.61
N3571,0.809,0.488,0.69
N3572,0.645,0.184,0.7
N3573,0.559,0.429,0.57
N3574,0.35,0.835,0.106
N3575,0.477,0.83,0.308
N3576,0.258,0.443,0.351
N3577,0.564,0.658,0.417
N3578,0.66,0.336,0.528
N3579,0.609,0.512,0.486
N3580,0.202,0.603,0.254
N3581,0.631,0.333,0.712
N3582,0.38,0.71,0.374
N3583,0.513,0.58,0.356
N3584,0.727,0.652,0.444
N3585,0.509,0.608,0.652
N3586,0.25,0.857,0.564
N3587,0.346,0.695,0.471
N3588,0.441,0.698,0.213
N3589,0.261,0.859,0.494
N3590,0.155,0.614,0.631
N3591,0.876,0.547,0.551
N3592,0.456,0.848,0.563
N3593,0.379,0.658,0.373
N3594,0.398,0.601,0.516
N3595,0.341,0.811,0.548
N3596,0.866,0.343,0.807
N3597,0.98,0.423,0.835
N3598,0.617,0.28,0.517
N3599,0.264,0.931,0.493
N3600,0.669,0.361,0.708
